Date,Open,High,Low,Close,Volume,Currency
2011-12-20,390.0,398.4,389.3,396.35,64376,INR
2011-12-21,396.5,401.4,394.0,398.05,68445,INR
2011-12-22,397.5,401.5,396.3,400.65,60812,INR
2011-12-23,401.5,407.7,401.5,407.25,45734,INR
2011-12-24,407.05,407.7,406.6,407.05,2049,INR
2011-12-26,407.6,408.7,405.9,407.15,6635,INR
2011-12-27,406.55,406.6,401.6,403.25,36510,INR
2011-12-28,403.1,406.7,398.8,399.55,51690,INR
2011-12-29,398.75,402.0,394.8,399.95,47410,INR
2011-12-30,401.0,407.9,400.5,406.15,39979,INR
2011-12-31,405.8,406.6,405.7,406.0,1911,INR
2012-01-02,405.95,408.0,404.9,407.75,8112,INR
2012-01-03,408.0,415.3,408.0,413.9,54167,INR
2012-01-04,413.3,413.3,402.8,403.6,68859,INR
2012-01-05,403.95,407.1,398.5,402.4,76578,INR
2012-01-06,403.0,404.0,398.6,402.3,56517,INR
2012-01-07,401.95,402.3,401.7,401.9,1382,INR
2012-01-09,401.65,401.7,397.0,399.0,57283,INR
2012-01-10,399.05,404.3,397.6,403.9,53791,INR
2012-01-11,403.2,407.9,401.8,407.4,63426,INR
2012-01-12,407.35,418.9,406.0,416.75,89914,INR
2012-01-13,416.0,420.3,411.3,415.85,84310,INR
2012-01-14,416.7,417.6,415.0,416.0,2338,INR
2012-01-16,415.0,419.7,414.2,418.55,52881,INR
2012-01-17,419.45,424.4,418.3,419.65,72239,INR
2012-01-18,420.3,421.4,416.4,419.0,71235,INR
2012-01-19,419.6,425.7,419.6,424.0,66950,INR
2012-01-20,424.75,426.6,416.6,417.3,83632,INR
2012-01-21,417.9,418.3,416.9,418.05,2754,INR
2012-01-23,417.5,423.0,415.3,421.2,61685,INR
2012-01-24,420.8,422.8,417.7,422.45,62095,INR
2012-01-25,422.75,425.0,418.8,423.2,63294,INR
2012-01-27,424.0,430.3,424.0,425.55,68493,INR
2012-01-28,425.6,426.0,424.1,425.7,1949,INR
2012-01-30,425.0,425.0,418.3,421.2,62437,INR
2012-01-31,421.55,424.3,415.6,417.2,67205,INR
2012-02-01,417.05,419.1,413.6,418.7,72688,INR
2012-02-02,418.1,418.3,410.4,411.7,78847,INR
2012-02-03,412.5,420.0,409.7,419.45,81517,INR
2012-02-04,419.5,420.9,419.0,419.35,2633,INR
2012-02-06,418.6,420.5,416.7,418.85,53989,INR
2012-02-07,418.55,421.8,414.6,421.3,71716,INR
2012-02-08,421.85,427.8,421.4,424.9,69460,INR
2012-02-09,424.1,434.6,423.8,434.1,87459,INR
2012-02-10,433.35,434.7,423.2,424.2,79224,INR
2012-02-11,423.55,424.9,423.3,424.45,2393,INR
2012-02-13,424.75,425.6,416.8,418.9,59501,INR
2012-02-14,418.5,420.6,414.6,417.6,60294,INR
2012-02-15,418.2,421.3,414.3,415.5,66003,INR
2012-02-16,415.2,415.9,410.1,414.85,63290,INR
2012-02-17,415.95,416.9,403.5,405.0,70747,INR
2012-02-18,405.25,406.5,405.1,406.1,3501,INR
2012-02-20,406.95,409.4,405.0,407.6,22185,INR
2012-02-21,408.2,416.0,408.2,415.7,67815,INR
2012-02-22,416.0,418.4,413.4,417.15,61827,INR
2012-02-23,416.8,416.8,410.6,412.95,53915,INR
2012-02-24,412.3,419.8,409.8,418.05,66941,INR
2012-02-25,417.3,417.8,417.0,417.2,1868,INR
2012-02-27,417.0,421.3,415.5,420.65,49444,INR
2012-02-28,420.25,426.9,419.0,422.35,40226,INR
2012-02-29,421.7,426.5,409.7,417.7,20140,INR
2012-03-01,425.0,432.1,422.4,430.75,72831,INR
2012-03-02,431.3,434.4,430.2,431.5,62361,INR
2012-03-03,431.35,432.5,431.0,431.65,1703,INR
2012-03-05,432.0,433.5,426.4,428.65,60143,INR
2012-03-06,428.25,428.5,421.7,422.15,60798,INR
2012-03-07,422.85,425.0,418.0,421.85,71493,INR
2012-03-08,422.4,425.3,421.8,422.5,25180,INR
2012-03-09,423.4,429.0,421.4,427.1,69443,INR
2012-03-10,426.25,426.9,426.3,426.45,2338,INR
2012-03-12,427.05,428.4,425.3,427.4,54591,INR
2012-03-13,428.0,433.5,428.0,432.2,59943,INR
2012-03-14,431.4,431.9,427.6,429.05,54017,INR
2012-03-15,428.4,435.0,426.6,434.55,73455,INR
2012-03-16,433.7,438.2,431.3,432.1,69981,INR
2012-03-17,432.5,432.6,431.9,432.2,1658,INR
2012-03-19,432.0,435.8,429.8,434.85,60222,INR
2012-03-20,434.0,434.8,428.5,430.4,75217,INR
2012-03-21,430.7,433.4,430.3,431.0,59173,INR
2012-03-22,430.7,430.8,428.1,429.9,57441,INR
2012-03-23,430.1,433.6,428.9,432.05,60799,INR
2012-03-24,432.1,432.6,432.0,432.1,1308,INR
2012-03-26,432.5,440.4,432.5,440.05,72058,INR
2012-03-27,439.5,439.7,434.8,437.25,65513,INR
2012-03-28,436.7,436.8,429.4,430.7,68172,INR
2012-03-29,430.6,433.4,428.7,431.75,66177,INR
2012-03-30,431.9,433.9,430.8,431.25,41348,INR
2012-03-31,431.3,431.9,431.2,431.65,1545,INR
2012-04-02,431.9,440.2,431.9,439.0,63743,INR
2012-04-03,438.7,442.0,437.3,438.35,60285,INR
2012-04-04,438.0,438.0,430.3,430.8,67496,INR
2012-04-05,430.65,433.1,429.4,430.05,28217,INR
2012-04-07,429.5,431.2,429.5,430.95,2748,INR
2012-04-09,430.5,431.5,422.1,422.75,67364,INR
2012-04-10,423.0,426.5,417.6,418.4,88835,INR
2012-04-11,418.25,418.9,415.0,415.65,72214,INR
2012-04-12,416.45,423.2,415.5,421.5,78258,INR
2012-04-13,421.05,421.1,411.5,413.75,80122,INR
2012-04-14,421.05,421.1,411.5,0.0,80122,INR
2012-04-16,412.6,415.3,407.8,414.75,89134,INR
2012-04-17,414.75,415.5,409.8,415.05,77186,INR
2012-04-18,415.5,418.4,414.2,416.2,68552,INR
2012-04-19,416.4,418.5,415.2,418.25,73249,INR
2012-04-20,418.5,426.4,418.2,424.75,70675,INR
2012-04-21,424.95,425.4,424.6,425.3,2376,INR
2012-04-23,425.05,425.1,419.6,422.65,66525,INR
2012-04-24,423.05,427.8,423.1,426.65,49142,INR
2012-04-25,426.35,430.6,424.6,429.15,70532,INR
2012-04-26,428.9,436.6,427.9,436.15,53622,INR
2012-04-27,435.85,441.7,435.3,441.35,51348,INR
2012-04-28,441.85,446.9,441.9,444.0,9470,INR
2012-04-30,444.5,446.9,439.6,443.9,35822,INR
2012-05-01,445.2,449.3,444.8,447.8,23331,INR
2012-05-02,447.25,449.2,442.6,444.85,59752,INR
2012-05-03,444.85,447.0,442.6,444.3,59418,INR
2012-05-04,444.95,446.9,438.7,440.45,71094,INR
2012-05-05,440.8,440.8,439.8,440.3,2608,INR
2012-05-07,440.0,443.5,434.4,442.0,75682,INR
2012-05-08,441.2,441.2,434.5,436.55,71990,INR
2012-05-09,436.0,439.2,432.5,438.65,84874,INR
2012-05-10,437.85,438.1,433.0,435.8,79120,INR
2012-05-11,435.1,436.3,430.6,431.6,75229,INR
2012-05-12,431.95,432.2,431.1,432.0,2346,INR
2012-05-14,431.2,431.2,424.8,425.05,83366,INR
2012-05-15,424.7,424.7,420.4,421.6,79247,INR
2012-05-16,420.95,423.0,417.3,418.95,76508,INR
2012-05-17,420.05,424.9,418.2,419.8,89917,INR
2012-05-18,420.0,424.8,420.0,420.8,80600,INR
2012-05-19,420.5,420.5,418.3,420.25,3634,INR
2012-05-21,421.1,427.8,421.1,426.6,71987,INR
2012-05-22,426.7,430.7,426.7,429.6,70500,INR
2012-05-23,429.05,429.1,424.5,426.25,71036,INR
2012-05-24,425.9,427.7,423.2,423.95,74068,INR
2012-05-25,424.05,425.4,422.4,423.4,56832,INR
2012-05-26,423.65,424.0,423.4,423.9,1803,INR
2012-05-28,424.15,428.1,424.2,426.1,42604,INR
2012-05-29,426.6,430.9,426.6,428.85,69587,INR
2012-05-30,428.6,428.6,421.8,423.05,81807,INR
2012-05-31,422.3,423.7,418.7,420.3,71141,INR
2012-06-01,420.0,420.0,406.8,407.7,98337,INR
2012-06-02,408.55,408.8,407.2,407.55,4331,INR
2012-06-04,407.0,411.7,396.8,408.05,102042,INR
2012-06-05,408.8,412.0,404.7,405.95,83035,INR
2012-06-06,406.5,413.2,406.5,411.9,83587,INR
2012-06-07,411.55,414.9,406.3,411.05,109250,INR
2012-06-08,411.0,411.0,401.8,404.2,92536,INR
2012-06-09,404.6,406.0,404.6,405.0,4096,INR
2012-06-11,405.8,413.9,405.8,411.45,89392,INR
2012-06-12,411.15,413.3,409.3,410.85,80567,INR
2012-06-13,411.4,414.6,409.1,409.95,84428,INR
2012-06-14,410.65,413.0,410.1,412.7,67485,INR
2012-06-15,413.0,418.0,413.0,417.15,70420,INR
2012-06-16,416.95,418.8,416.6,418.2,4266,INR
2012-06-18,418.35,420.1,416.6,418.55,65785,INR
2012-06-19,418.8,424.5,417.6,423.9,76245,INR
2012-06-20,423.8,424.4,420.3,421.5,70605,INR
2012-06-21,421.0,421.0,414.3,414.6,72823,INR
2012-06-22,414.5,417.8,412.3,417.2,65865,INR
2012-06-23,417.25,418.0,416.9,417.7,2725,INR
2012-06-25,417.05,417.5,412.9,417.15,59873,INR
2012-06-26,417.2,418.5,415.9,416.85,51866,INR
2012-06-27,416.75,421.2,416.2,420.05,49065,INR
2012-06-28,420.3,422.2,417.2,417.6,39922,INR
2012-06-29,418.6,433.9,418.6,433.3,37134,INR
2012-06-30,431.75,431.8,429.0,429.4,4576,INR
2012-07-02,428.7,429.5,425.8,426.75,52319,INR
2012-07-03,427.2,432.8,426.2,426.45,80904,INR
2012-07-04,426.65,427.6,425.1,426.4,36949,INR
2012-07-05,426.7,431.9,426.2,428.55,88012,INR
2012-07-06,428.0,429.0,423.6,424.65,61147,INR
2012-07-07,424.7,425.2,424.3,424.95,1618,INR
2012-07-09,425.25,426.4,423.6,425.3,49235,INR
2012-07-10,424.8,424.8,419.5,419.9,62388,INR
2012-07-11,419.4,423.7,417.6,422.85,63185,INR
2012-07-12,422.8,423.8,420.2,422.9,55594,INR
2012-07-13,423.0,427.2,423.0,426.2,59175,INR
2012-07-14,426.2,426.3,425.6,426.1,1772,INR
2012-07-16,425.85,426.2,424.0,425.25,44125,INR
2012-07-17,425.5,427.8,422.1,423.1,61757,INR
2012-07-18,423.0,426.2,422.8,425.7,50799,INR
2012-07-19,426.1,431.7,426.1,430.9,79463,INR
2012-07-20,430.35,430.4,419.6,422.25,98094,INR
2012-07-21,422.3,422.9,421.8,422.3,2742,INR
2012-07-23,421.6,421.6,415.6,419.95,81948,INR
2012-07-24,420.25,422.5,418.1,419.0,75070,INR
2012-07-25,419.2,421.8,417.6,420.75,66068,INR
2012-07-26,420.15,422.7,417.2,418.65,94846,INR
2012-07-27,419.15,421.7,418.7,420.65,62981,INR
2012-07-28,420.6,421.0,420.1,420.8,1585,INR
2012-07-30,421.2,423.1,419.4,419.95,56517,INR
2012-07-31,420.15,424.7,420.2,422.55,71201,INR
2012-08-01,422.1,422.1,415.5,416.7,72199,INR
2012-08-02,416.8,418.4,411.1,411.65,81196,INR
2012-08-03,412.4,414.4,409.6,413.55,76524,INR
2012-08-04,413.85,413.9,413.4,413.7,2062,INR
2012-08-06,413.2,414.8,411.9,414.5,54772,INR
2012-08-07,414.6,419.2,414.6,418.35,73144,INR
2012-08-08,418.0,418.9,416.1,417.2,57778,INR
2012-08-09,417.35,419.9,416.8,417.7,54665,INR
2012-08-10,417.35,417.4,412.6,414.75,62791,INR
2012-08-11,415.0,415.3,414.7,415.05,2431,INR
2012-08-13,414.95,415.5,411.3,412.0,58778,INR
2012-08-14,412.05,415.8,410.7,414.7,65975,INR
2012-08-16,415.2,415.7,413.1,415.0,56095,INR
2012-08-17,415.65,420.8,415.2,420.5,73784,INR
2012-08-18,420.3,420.6,419.8,420.4,2559,INR
2012-08-20,420.1,420.1,414.1,414.75,39050,INR
2012-08-21,414.75,421.9,414.8,420.45,75688,INR
2012-08-22,420.7,423.5,419.6,421.9,73125,INR
2012-08-23,422.3,426.8,422.3,423.45,71572,INR
2012-08-24,423.1,425.9,422.2,425.6,61337,INR
2012-08-25,425.5,427.0,425.5,426.7,4487,INR
2012-08-27,427.0,428.8,425.6,426.75,49033,INR
2012-08-28,426.0,426.0,423.3,425.1,49616,INR
2012-08-29,424.4,424.4,421.3,422.65,50917,INR
2012-08-30,422.0,427.4,420.7,423.15,58812,INR
2012-08-31,423.3,425.7,418.1,424.3,37694,INR
2012-09-01,426.55,427.8,426.4,427.15,4554,INR
2012-09-03,427.45,430.7,427.5,429.65,47866,INR
2012-09-04,429.25,431.5,428.7,429.55,59856,INR
2012-09-05,430.0,446.8,428.9,437.3,90664,INR
2012-09-06,437.05,439.0,433.2,433.45,83244,INR
2012-09-07,434.1,447.3,434.1,446.8,101345,INR
2012-09-08,446.55,450.5,446.0,447.6,8937,INR
2012-09-10,448.45,454.9,447.8,447.6,84221,INR
2012-09-11,452.1,454.6,449.5,452.85,68703,INR
2012-09-12,452.6,456.5,449.3,0.0,82369,INR
2012-09-13,453.0,456.4,448.6,455.35,76724,INR
2012-09-14,455.9,462.9,455.9,457.65,80921,INR
2012-09-15,457.1,458.5,456.3,456.75,3142,INR
2012-09-17,456.2,456.2,451.8,453.15,55690,INR
2012-09-18,453.2,455.4,448.8,454.95,70920,INR
2012-09-19,455.45,459.4,455.5,457.9,29932,INR
2012-09-20,457.4,457.4,449.8,452.15,68094,INR
2012-09-21,452.75,455.1,446.1,446.5,77408,INR
2012-09-22,446.2,446.2,445.1,445.4,3558,INR
2012-09-24,445.3,445.3,440.8,442.5,52300,INR
2012-09-25,443.4,446.2,442.7,445.0,53469,INR
2012-09-26,444.95,445.0,439.8,442.0,56867,INR
2012-09-27,441.15,442.2,436.8,440.05,69619,INR
2012-09-28,439.3,442.0,438.6,440.65,53900,INR
2012-09-29,440.7,442.0,440.4,441.2,2287,INR
2012-10-01,440.2,441.9,436.3,440.05,66354,INR
2012-10-03,439.35,440.6,437.8,438.8,51317,INR
2012-10-04,438.35,438.8,432.6,433.25,61710,INR
2012-10-05,433.5,437.4,433.5,434.2,56238,INR
2012-10-06,433.7,434.0,433.3,433.8,3230,INR
2012-10-08,433.5,434.0,431.1,433.45,47319,INR
2012-10-09,433.45,436.2,433.5,434.75,47634,INR
2012-10-10,435.2,437.9,434.4,437.6,56197,INR
2012-10-11,437.9,439.9,436.5,437.85,55929,INR
2012-10-12,437.75,437.8,434.0,434.75,49031,INR
2012-10-13,435.05,435.1,434.2,434.85,2058,INR
2012-10-15,434.6,435.8,432.2,434.6,54823,INR
2012-10-16,435.0,436.0,432.9,434.35,37130,INR
2012-10-17,433.95,439.5,433.2,439.15,56310,INR
2012-10-18,439.5,444.4,438.8,443.8,66560,INR
2012-10-19,443.4,443.4,435.3,435.5,65169,INR
2012-10-20,435.25,435.9,434.6,435.05,3187,INR
2012-10-22,434.9,434.9,428.6,429.05,53772,INR
2012-10-23,428.55,429.9,424.4,426.6,54578,INR
2012-10-24,426.25,428.7,424.8,427.45,23668,INR
2012-10-25,427.1,427.1,422.2,423.65,49189,INR
2012-10-26,423.0,426.3,421.5,425.05,30219,INR
2012-10-27,425.25,426.2,424.4,425.95,2297,INR
2012-10-29,425.55,425.6,418.9,420.9,54289,INR
2012-10-30,420.8,423.5,419.2,421.15,52293,INR
2012-10-31,421.15,425.3,419.5,419.75,64866,INR
2012-11-01,420.0,424.8,420.0,423.3,60307,INR
2012-11-02,422.8,423.2,415.6,416.0,68696,INR
2012-11-03,416.45,418.1,416.3,416.95,3547,INR
2012-11-05,416.5,421.1,414.7,420.65,57720,INR
2012-11-06,421.0,423.5,419.5,422.05,50227,INR
2012-11-07,422.5,424.8,413.3,415.2,92875,INR
2012-11-08,416.1,417.6,413.5,416.85,54393,INR
2012-11-09,417.0,419.6,412.6,415.9,71085,INR
2012-11-10,416.2,416.5,415.5,416.2,2045,INR
2012-11-12,415.7,422.0,414.6,421.85,60994,INR
2012-11-13,421.5,421.5,417.6,418.75,13200,INR
2012-11-14,419.1,423.4,419.1,419.65,42010,INR
2012-11-15,420.4,421.9,418.7,420.6,42256,INR
2012-11-16,421.15,422.7,419.2,421.75,52174,INR
2012-11-17,421.6,422.2,421.5,421.8,1548,INR
2012-11-19,422.0,428.3,421.8,427.0,61035,INR
2012-11-20,426.95,429.8,425.7,427.7,56813,INR
2012-11-21,427.5,427.5,423.3,425.85,54856,INR
2012-11-22,426.1,428.6,426.1,426.55,33682,INR
2012-11-23,426.35,431.3,425.2,430.95,60003,INR
2012-11-24,431.2,432.3,430.8,431.25,3101,INR
2012-11-26,430.6,434.2,430.4,433.65,48759,INR
2012-11-27,433.8,435.9,431.1,432.5,51640,INR
2012-11-28,432.45,433.5,429.1,432.45,27439,INR
2012-11-29,432.1,435.2,429.1,433.35,46879,INR
2012-11-30,432.9,436.5,430.7,435.95,26385,INR
2012-12-01,441.2,441.3,440.5,440.85,2413,INR
2012-12-03,441.0,445.0,441.0,444.4,52616,INR
2012-12-04,444.75,447.7,443.6,445.65,58875,INR
2012-12-05,446.0,447.6,443.7,446.6,58520,INR
2012-12-06,446.25,446.5,440.0,440.9,80148,INR
2012-12-07,441.0,445.0,440.1,443.4,59373,INR
2012-12-08,443.7,444.8,443.3,444.25,2356,INR
2012-12-10,444.8,450.4,444.8,448.7,64575,INR
2012-12-11,448.4,448.4,445.4,446.15,49255,INR
2012-12-12,446.1,448.2,444.3,447.2,49637,INR
2012-12-13,446.55,446.6,443.1,444.1,52480,INR
2012-12-14,445.0,447.2,445.0,445.8,39336,INR
2012-12-15,446.0,446.2,445.1,445.35,1580,INR
2012-12-17,445.9,448.9,444.8,446.85,60118,INR
2012-12-18,447.3,449.1,445.8,446.6,54937,INR
2012-12-19,446.5,446.5,438.5,439.45,70432,INR
2012-12-20,439.0,439.3,432.2,432.95,69347,INR
2012-12-21,433.5,439.7,433.5,438.8,52648,INR
2012-12-22,438.4,439.3,437.7,438.05,1682,INR
2012-12-24,438.6,439.3,435.1,436.3,34433,INR
2012-12-26,436.8,439.9,436.0,438.8,33854,INR
2012-12-27,438.8,441.4,438.3,440.8,37971,INR
2012-12-28,441.0,441.8,438.2,438.8,33078,INR
2012-12-29,439.35,440.9,438.5,439.35,1711,INR
2012-12-31,439.7,444.2,439.7,443.7,38323,INR
2013-01-01,443.1,445.0,442.9,443.9,9251,INR
2013-01-02,444.1,452.4,443.6,450.15,65869,INR
2013-01-03,450.0,454.7,448.8,449.4,58467,INR
2013-01-04,449.4,452.2,447.6,450.7,49042,INR
2013-01-05,451.2,453.5,450.5,451.45,2569,INR
2013-01-07,451.5,451.5,448.4,450.95,45645,INR
2013-01-08,451.2,452.7,448.3,448.9,44559,INR
2013-01-09,449.4,451.3,447.2,447.45,55970,INR
2013-01-10,448.35,451.2,446.7,448.8,58916,INR
2013-01-11,448.0,448.6,445.1,445.4,50045,INR
2013-01-12,445.7,445.9,445.2,445.7,2245,INR
2013-01-14,445.9,447.7,440.3,440.55,50721,INR
2013-01-15,441.1,441.8,437.8,441.3,48469,INR
2013-01-16,441.5,442.8,438.5,438.65,44286,INR
2013-01-17,439.3,440.7,435.3,439.65,67568,INR
2013-01-18,439.05,441.2,438.0,438.45,50681,INR
2013-01-19,438.8,438.9,438.4,438.7,1711,INR
2013-01-21,438.6,439.0,436.2,436.3,31396,INR
2013-01-22,436.7,440.5,436.7,440.2,48095,INR
2013-01-23,440.4,441.0,437.7,438.55,39425,INR
2013-01-24,438.25,439.3,436.6,437.7,41617,INR
2013-01-25,438.3,440.6,434.5,436.55,30937,INR
2013-01-28,436.0,439.8,436.0,438.4,42908,INR
2013-01-29,438.7,438.7,435.2,437.95,52964,INR
2013-01-30,438.1,442.4,438.1,442.1,52661,INR
2013-01-31,441.9,444.9,439.2,440.05,53349,INR
2013-02-01,439.7,444.4,438.6,444.2,56786,INR
2013-02-02,444.0,444.1,443.6,443.7,1936,INR
2013-02-04,443.7,445.9,442.4,445.05,42943,INR
2013-02-05,444.9,444.9,442.1,442.55,39858,INR
2013-02-06,442.6,443.4,439.4,439.65,43371,INR
2013-02-07,440.1,442.7,439.5,441.4,50370,INR
2013-02-08,441.6,446.7,441.6,446.45,52374,INR
2013-02-09,446.7,446.7,445.8,445.9,2145,INR
2013-02-11,446.45,447.3,443.0,444.0,39825,INR
2013-02-12,443.8,445.5,442.8,445.15,30437,INR
2013-02-13,445.45,446.9,443.6,444.9,31980,INR
2013-02-14,445.1,446.2,443.8,445.7,28045,INR
2013-02-15,446.0,449.3,444.9,448.3,39314,INR
2013-02-16,448.45,448.6,448.0,448.4,1299,INR
2013-02-18,447.75,447.8,441.6,442.3,41799,INR
2013-02-19,442.2,442.6,436.8,437.35,53970,INR
2013-02-20,437.8,438.3,431.7,432.2,43030,INR
2013-02-21,431.75,431.9,426.7,429.05,53562,INR
2013-02-22,429.9,431.6,423.1,423.55,43281,INR
2013-02-23,423.7,424.0,423.3,423.8,1953,INR
2013-02-25,424.0,424.7,420.8,422.45,40972,INR
2013-02-26,423.0,427.2,420.6,426.25,37251,INR
2013-02-27,425.75,425.8,421.0,421.35,26020,INR
2013-02-28,422.5,425.3,417.7,418.1,24583,INR
2013-03-01,431.3,431.3,425.5,430.45,63481,INR
2013-03-02,430.4,431.4,430.4,431.15,2417,INR
2013-03-04,430.45,430.9,427.3,430.25,58187,INR
2013-03-05,429.75,432.3,429.6,430.75,47892,INR
2013-03-06,430.75,430.8,426.3,427.25,54468,INR
2013-03-07,427.15,428.5,425.3,427.2,47551,INR
2013-03-08,427.5,428.2,424.1,425.2,55338,INR
2013-03-09,424.6,426.0,424.6,425.25,1204,INR
2013-03-11,425.5,426.4,421.7,425.6,48297,INR
2013-03-12,425.15,430.3,423.8,428.3,49602,INR
2013-03-13,427.8,429.9,426.8,427.75,39720,INR
2013-03-14,427.15,428.6,425.7,426.3,41519,INR
2013-03-15,426.95,428.1,423.3,423.55,43976,INR
2013-03-16,423.7,424.3,423.5,423.85,1505,INR
2013-03-18,423.25,423.3,412.3,412.7,58861,INR
2013-03-19,412.95,416.7,411.2,412.85,56938,INR
2013-03-20,413.45,418.2,413.5,417.15,51965,INR
2013-03-21,418.0,420.0,414.2,416.25,61095,INR
2013-03-22,416.55,420.0,415.3,419.2,54361,INR
2013-03-23,419.2,420.0,419.0,419.7,1702,INR
2013-03-25,419.0,419.3,415.3,417.1,42692,INR
2013-03-26,416.55,419.8,415.4,417.7,42623,INR
2013-03-27,417.65,417.8,415.4,417.4,14890,INR
2013-03-28,417.0,418.4,412.7,413.1,50877,INR
2013-03-30,413.45,413.5,396.9,410.15,12363,INR
2013-04-01,409.4,410.0,405.2,408.0,35719,INR
2013-04-02,407.6,408.9,406.2,408.55,45084,INR
2013-04-03,408.1,408.5,403.2,403.4,48672,INR
2013-04-04,403.1,411.0,401.4,409.05,59765,INR
2013-04-05,409.2,409.7,405.4,406.3,41808,INR
2013-04-06,404.7,406.4,391.7,405.65,3092,INR
2013-04-08,407.2,410.2,406.8,407.95,44896,INR
2013-04-09,408.5,415.5,408.5,414.5,53708,INR
2013-04-10,413.8,414.3,410.5,412.5,45056,INR
2013-04-11,412.4,413.4,408.2,411.9,47358,INR
2013-04-12,411.65,413.9,402.7,404.65,56477,INR
2013-04-13,402.9,404.8,402.4,404.45,4241,INR
2013-04-15,403.6,403.6,386.5,396.05,71086,INR
2013-04-16,394.85,395.5,390.1,394.6,42961,INR
2013-04-17,393.1,393.1,379.4,381.4,62865,INR
2013-04-18,381.0,383.0,369.2,381.65,76305,INR
2013-04-19,378.95,379.1,370.8,374.65,38159,INR
2013-04-20,374.25,376.9,373.2,376.25,3181,INR
2013-04-22,374.5,375.9,368.3,375.0,62829,INR
2013-04-23,373.95,374.0,366.8,369.85,65773,INR
2013-04-24,371.5,380.4,371.5,378.6,33728,INR
2013-04-25,379.2,389.4,379.2,388.85,58527,INR
2013-04-26,387.75,387.8,381.4,382.15,54225,INR
2013-04-27,382.15,382.7,380.1,382.3,2078,INR
2013-04-29,380.5,387.4,379.4,385.75,42538,INR
2013-04-30,385.0,388.0,379.8,380.95,23170,INR
2013-05-01,379.5,379.5,366.8,367.95,36396,INR
2013-05-02,368.45,375.5,367.6,372.1,66870,INR
2013-05-03,373.3,395.9,373.3,395.3,91652,INR
2013-05-04,395.7,398.2,393.7,394.6,5247,INR
2013-05-06,394.6,399.4,394.0,396.85,47275,INR
2013-05-07,397.35,399.1,392.4,396.4,63665,INR
2013-05-08,396.85,406.8,394.8,403.95,72744,INR
2013-05-09,402.8,403.8,399.3,402.6,64267,INR
2013-05-10,402.9,408.9,401.1,408.0,78528,INR
2013-05-11,408.7,411.0,408.7,410.8,4519,INR
2013-05-13,409.6,411.5,405.7,408.6,55332,INR
2013-05-14,408.0,408.0,398.3,399.8,67884,INR
2013-05-15,400.1,400.3,392.7,397.4,62145,INR
2013-05-16,397.95,401.7,393.1,400.5,64840,INR
2013-05-17,401.2,406.8,400.7,405.95,65294,INR
2013-05-18,405.5,406.0,405.0,405.55,1914,INR
2013-05-20,405.0,410.8,400.2,409.0,64510,INR
2013-05-21,408.55,414.9,407.7,409.75,59707,INR
2013-05-22,411.0,420.4,411.0,416.85,67205,INR
2013-05-23,416.55,416.6,404.3,408.45,74170,INR
2013-05-24,409.0,409.7,405.6,407.8,51634,INR
2013-05-27,407.7,408.0,405.9,407.3,18782,INR
2013-05-28,406.9,414.4,404.6,411.75,68369,INR
2013-05-29,412.1,412.9,408.1,411.45,61820,INR
2013-05-30,411.0,416.3,405.2,414.55,76938,INR
2013-05-31,414.1,416.1,411.5,413.05,51233,INR
2013-06-01,412.7,412.7,411.2,411.8,2762,INR
2013-06-03,412.75,419.8,412.8,415.5,57533,INR
2013-06-04,415.55,421.4,415.6,420.55,60663,INR
2013-06-05,419.75,426.8,418.3,424.25,66375,INR
2013-06-06,423.6,423.8,416.5,416.9,66367,INR
2013-06-07,417.4,420.6,413.6,414.65,62262,INR
2013-06-08,415.5,415.5,412.9,413.25,3086,INR
2013-06-10,412.8,417.3,411.0,416.9,59715,INR
2013-06-11,417.4,421.5,410.6,410.85,66879,INR
2013-06-12,410.5,414.6,408.6,411.55,71925,INR
2013-06-13,411.9,417.2,406.4,408.35,81937,INR
2013-06-14,409.5,411.7,405.3,407.5,63116,INR
2013-06-15,407.35,408.1,407.1,407.9,2050,INR
2013-06-17,408.15,412.2,407.2,409.45,60121,INR
2013-06-18,410.15,412.7,408.6,410.1,66828,INR
2013-06-19,410.4,411.9,405.9,408.25,67395,INR
2013-06-20,408.0,409.9,403.8,404.75,83585,INR
2013-06-21,405.3,407.8,401.9,407.35,67620,INR
2013-06-22,407.75,408.2,407.6,407.8,2037,INR
2013-06-24,407.0,407.0,394.6,400.8,77601,INR
2013-06-25,400.0,406.9,393.3,403.45,91218,INR
2013-06-26,403.1,410.5,398.6,408.65,73092,INR
2013-06-27,408.3,411.0,403.3,403.8,53136,INR
2013-06-28,403.3,405.8,400.5,401.5,31034,INR
2013-06-29,407.1,407.3,406.2,406.7,2355,INR
2013-07-01,406.2,419.6,404.5,417.1,55976,INR
2013-07-02,416.8,418.8,414.2,416.95,42107,INR
2013-07-03,417.0,426.3,417.0,425.75,46197,INR
2013-07-04,425.0,425.0,419.5,420.15,29958,INR
2013-07-05,419.95,420.2,414.3,416.05,39561,INR
2013-07-06,416.5,418.3,416.1,417.75,2261,INR
2013-07-08,417.9,419.7,414.8,418.25,34397,INR
2013-07-09,417.5,417.5,406.1,408.7,50584,INR
2013-07-10,408.5,412.4,405.1,411.95,43179,INR
2013-07-11,412.5,425.3,412.5,423.05,53794,INR
2013-07-12,422.15,422.5,418.3,419.65,38698,INR
2013-07-13,419.65,420.4,419.4,420.1,1466,INR
2013-07-15,420.55,422.3,413.0,413.95,42238,INR
2013-07-16,414.0,419.3,413.5,416.35,40692,INR
2013-07-17,416.6,420.9,411.2,412.55,53073,INR
2013-07-18,412.9,415.8,411.6,415.5,35323,INR
2013-07-19,415.9,418.0,412.7,414.3,38343,INR
2013-07-20,414.35,414.9,413.6,414.7,1024,INR
2013-07-22,415.0,422.0,415.0,419.75,40746,INR
2013-07-23,420.0,422.2,419.0,421.85,31776,INR
2013-07-24,421.2,423.3,417.4,419.6,53886,INR
2013-07-25,419.8,419.8,413.5,417.45,47865,INR
2013-07-26,417.0,417.0,407.4,408.35,49238,INR
2013-07-27,407.9,408.9,407.1,408.35,2182,INR
2013-07-29,408.0,411.4,406.5,410.85,30987,INR
2013-07-30,411.1,413.7,409.1,411.2,36239,INR
2013-07-31,411.5,422.0,411.5,421.55,52612,INR
2013-08-01,422.0,427.4,420.0,425.65,44278,INR
2013-08-02,425.1,432.0,421.7,428.45,53502,INR
2013-08-03,428.2,428.6,427.7,428.2,1211,INR
2013-08-05,427.85,428.8,425.0,428.1,29371,INR
2013-08-06,428.5,437.2,428.0,430.8,44311,INR
2013-08-07,429.65,432.0,425.0,431.65,51706,INR
2013-08-08,432.0,440.3,432.0,438.55,44894,INR
2013-08-09,439.0,443.5,437.5,441.65,18685,INR
2013-08-10,442.0,442.5,441.4,442.25,2182,INR
2013-08-12,442.7,448.3,439.5,447.05,39043,INR
2013-08-13,447.8,451.0,446.2,449.4,38223,INR
2013-08-14,449.05,451.5,447.6,451.2,34995,INR
2013-08-16,451.7,469.1,451.7,464.55,36243,INR
2013-08-17,465.0,468.9,462.3,467.35,4662,INR
2013-08-19,466.25,471.4,461.2,468.65,32198,INR
2013-08-20,468.4,468.5,460.6,465.65,27583,INR
2013-08-21,464.6,472.9,462.7,471.85,34552,INR
2013-08-22,472.4,483.0,469.7,470.35,43603,INR
2013-08-23,472.0,479.6,469.2,475.45,37210,INR
2013-08-24,475.0,476.7,474.4,475.0,1842,INR
2013-08-26,476.25,479.8,466.6,473.85,33378,INR
2013-08-27,475.0,502.3,475.0,494.35,49256,INR
2013-08-28,497.0,513.1,481.7,484.25,52903,INR
2013-08-29,484.65,495.6,480.7,487.0,32239,INR
2013-08-30,486.0,489.0,470.6,473.35,16668,INR
2013-08-31,486.6,487.4,484.9,486.95,2056,INR
2013-09-02,487.8,496.9,485.8,496.0,37424,INR
2013-09-03,495.1,510.6,492.5,509.85,47713,INR
2013-09-04,509.0,509.0,481.7,483.65,58872,INR
2013-09-05,484.05,486.4,477.1,483.6,48432,INR
2013-09-06,484.05,485.95,473.85,474.3,43235,INR
2013-09-07,473.75,476.7,473.75,476.3,1658,INR
2013-09-09,476.5,481.65,473.0,473.45,15044,INR
2013-09-10,472.1,473.25,465.1,467.35,41464,INR
2013-09-11,468.3,472.2,463.75,464.85,36880,INR
2013-09-12,463.85,466.4,456.05,459.15,48123,INR
2013-09-13,459.3,462.5,454.4,456.45,40403,INR
2013-09-14,456.9,461.7,456.9,460.9,3110,INR
2013-09-16,460.1,460.1,451.1,457.3,40660,INR
2013-09-17,458.5,459.8,455.5,456.65,33025,INR
2013-09-18,456.5,469.35,455.55,468.4,43817,INR
2013-09-19,466.1,466.85,458.8,465.5,38748,INR
2013-09-20,466.5,470.0,463.5,466.0,41635,INR
2013-09-23,465.05,465.05,458.65,464.1,30347,INR
2013-09-24,463.35,463.35,456.75,459.15,32917,INR
2013-09-25,459.8,460.9,456.1,456.5,25099,INR
2013-09-26,456.05,461.8,455.25,458.3,33326,INR
2013-09-27,457.5,470.75,456.2,470.05,41434,INR
2013-09-30,469.4,471.4,465.0,466.4,29449,INR
2013-10-01,465.4,465.7,457.0,458.95,31776,INR
2013-10-03,460.2,460.8,452.1,454.45,32324,INR
2013-10-04,452.8,456.45,448.0,454.2,36379,INR
2013-10-07,455.5,457.45,451.3,454.15,31404,INR
2013-10-08,455.9,459.4,453.4,456.2,29947,INR
2013-10-09,455.5,455.5,445.7,447.35,37435,INR
2013-10-10,447.95,450.35,432.2,443.6,46153,INR
2013-10-11,443.05,447.5,440.5,445.75,32351,INR
2013-10-14,446.0,453.0,445.1,452.1,28414,INR
2013-10-15,451.0,454.95,450.9,454.55,24971,INR
2013-10-16,453.6,455.55,449.35,453.5,15676,INR
2013-10-17,453.05,453.05,446.3,447.6,29755,INR
2013-10-18,448.35,453.9,447.05,448.85,28620,INR
2013-10-21,449.75,453.5,449.75,453.1,19440,INR
2013-10-22,453.5,457.0,452.45,454.5,26315,INR
2013-10-23,454.0,454.65,446.7,447.25,31343,INR
2013-10-24,447.9,448.6,444.25,446.65,27247,INR
2013-10-25,446.1,448.45,443.25,446.35,26486,INR
2013-10-28,446.0,449.3,445.1,446.75,20349,INR
2013-10-29,446.1,449.75,444.3,447.55,24543,INR
2013-10-30,448.0,452.2,448.0,450.6,23310,INR
2013-10-31,450.9,452.95,448.3,452.4,22620,INR
2013-11-01,452.95,457.8,452.95,455.85,19592,INR
2013-11-03,456.75,456.75,455.0,455.3,1828,INR
2013-11-04,455.0,455.0,447.15,447.6,11076,INR
2013-11-05,447.1,449.9,445.65,449.65,18651,INR
2013-11-06,448.9,454.0,447.2,448.55,26314,INR
2013-11-07,449.1,452.8,448.6,451.75,30076,INR
2013-11-08,452.0,458.95,450.4,457.0,36706,INR
2013-11-11,457.25,460.0,456.65,458.95,22314,INR
2013-11-12,458.0,459.2,456.8,458.75,22012,INR
2013-11-13,457.8,457.8,442.25,442.9,42878,INR
2013-11-14,443.8,444.95,440.6,442.15,26060,INR
2013-11-15,442.0,442.2,438.6,441.1,11815,INR
2013-11-18,440.8,440.8,432.65,433.05,22527,INR
2013-11-19,432.5,436.3,428.75,435.15,28349,INR
2013-11-20,436.6,438.9,435.4,436.1,21600,INR
2013-11-21,437.0,445.0,436.7,444.6,28019,INR
2013-11-22,445.0,446.4,442.6,444.0,21642,INR
2013-11-25,443.25,444.3,441.15,444.0,17350,INR
2013-11-26,443.5,445.2,442.5,443.2,15916,INR
2013-11-27,442.5,443.8,440.75,442.65,14287,INR
2013-11-28,443.0,445.15,441.85,444.5,10036,INR
2013-11-29,444.5,447.7,442.7,444.55,10153,INR
2013-12-02,450.0,450.0,445.1,445.6,19072,INR
2013-12-03,446.2,446.4,443.65,445.55,17577,INR
2013-12-04,445.9,451.8,443.6,451.35,27728,INR
2013-12-05,450.8,452.0,446.1,447.1,21085,INR
2013-12-06,446.6,451.3,445.4,446.35,25290,INR
2013-12-09,445.3,446.2,443.75,445.8,14627,INR
2013-12-10,446.25,449.15,445.4,447.7,19338,INR
2013-12-11,448.2,454.7,447.3,454.5,22616,INR
2013-12-12,454.8,461.2,454.15,459.9,22426,INR
2013-12-13,459.0,462.4,456.55,461.7,20366,INR
2013-12-16,460.8,461.8,458.35,460.5,19767,INR
2013-12-17,460.35,462.45,458.1,458.65,19300,INR
2013-12-18,458.45,461.8,457.3,461.45,16695,INR
2013-12-19,460.45,461.7,457.5,460.35,21259,INR
2013-12-20,460.95,462.0,458.2,458.65,14128,INR
2013-12-23,458.4,459.3,456.55,457.05,10491,INR
2013-12-24,457.55,473.0,457.55,465.7,18145,INR
2013-12-26,466.9,470.5,465.5,469.95,15512,INR
2013-12-27,469.0,469.85,467.35,468.25,12420,INR
2013-12-30,468.35,469.8,466.2,466.55,12433,INR
2013-12-31,467.1,469.7,465.1,468.5,13909,INR
2014-01-01,467.5,472.2,467.5,468.65,4784,INR
2014-01-02,469.5,474.3,468.1,469.75,22375,INR
2014-01-03,469.1,469.1,464.7,465.5,17865,INR
2014-01-04,465.5,465.5,465.5,465.5,0,INR
2014-01-06,464.9,467.45,462.85,467.0,18715,INR
2014-01-07,467.4,467.85,464.25,465.35,15320,INR
2014-01-08,466.0,467.35,462.5,463.0,16863,INR
2014-01-09,463.45,464.1,454.6,455.65,21734,INR
2014-01-10,455.2,459.0,453.55,457.45,19006,INR
2014-01-13,457.15,458.9,453.25,457.35,17972,INR
2014-01-14,456.95,458.4,454.1,455.5,9739,INR
2014-01-15,454.25,460.3,452.3,459.85,20854,INR
2014-01-16,460.1,460.8,454.7,456.55,22676,INR
2014-01-17,455.75,459.75,454.25,458.65,20053,INR
2014-01-20,459.1,459.5,456.1,456.5,11323,INR
2014-01-21,456.1,461.95,454.55,461.2,20406,INR
2014-01-22,461.5,461.55,456.65,457.9,16870,INR
2014-01-23,457.2,458.3,452.0,453.75,22721,INR
2014-01-24,454.55,458.15,452.85,455.55,21053,INR
2014-01-27,456.0,460.75,454.7,459.45,22678,INR
2014-01-28,459.2,459.2,452.6,453.0,22086,INR
2014-01-29,452.55,454.3,449.1,452.8,20315,INR
2014-01-30,452.1,453.7,446.4,447.1,21806,INR
2014-01-31,446.15,448.45,444.3,445.0,17681,INR
2014-02-03,444.4,445.95,442.75,443.65,13927,INR
2014-02-04,442.8,444.8,440.7,441.15,16437,INR
2014-02-05,441.8,444.95,441.25,441.5,16896,INR
2014-02-06,442.0,446.85,442.0,444.25,19454,INR
2014-02-07,445.0,447.95,444.3,444.7,14528,INR
2014-02-10,445.9,447.8,443.65,444.45,14061,INR
2014-02-11,443.5,444.25,441.3,441.9,16752,INR
2014-02-12,442.35,446.25,442.35,445.9,17198,INR
2014-02-13,446.45,447.4,443.6,446.25,15024,INR
2014-02-14,446.8,447.5,444.8,445.9,14275,INR
2014-02-17,446.4,450.9,446.4,447.65,13999,INR
2014-02-18,447.2,451.5,446.8,451.25,16604,INR
2014-02-19,450.8,453.2,450.1,451.4,15483,INR
2014-02-20,450.65,451.0,447.85,449.75,14639,INR
2014-02-21,449.1,450.7,448.05,450.1,11233,INR
2014-02-24,449.5,449.5,442.4,446.4,18157,INR
2014-02-25,446.1,447.5,442.0,444.5,14512,INR
2014-02-26,443.25,448.5,443.25,444.6,16642,INR
2014-02-27,445.25,445.5,442.5,443.05,5257,INR
2014-02-28,443.65,445.1,441.05,442.75,8227,INR
2014-03-03,439.7,440.2,436.85,439.8,15102,INR
2014-03-04,440.2,444.4,438.2,443.65,18489,INR
2014-03-05,443.9,445.85,438.5,438.9,18426,INR
2014-03-06,438.25,438.9,435.55,436.6,16610,INR
2014-03-07,436.15,437.25,421.05,421.35,38268,INR
2014-03-10,421.05,421.05,410.35,413.95,32074,INR
2014-03-11,413.2,414.7,400.2,402.65,36554,INR
2014-03-12,402.1,406.45,397.25,402.75,42418,INR
2014-03-13,402.2,404.4,399.0,399.6,33043,INR
2014-03-14,400.8,404.85,399.9,403.45,24695,INR
2014-03-17,404.0,406.35,401.5,401.85,9878,INR
2014-03-18,402.85,405.5,400.85,402.0,24422,INR
2014-03-19,401.05,407.65,392.0,406.35,50565,INR
2014-03-20,405.1,406.0,397.4,400.2,33994,INR
2014-03-21,399.3,405.0,398.0,400.2,33278,INR
2014-03-24,400.6,401.9,396.05,398.45,27874,INR
2014-03-25,400.0,405.4,400.0,403.0,28450,INR
2014-03-26,403.3,404.15,395.5,397.05,31000,INR
2014-03-27,397.7,402.7,397.0,401.35,24945,INR
2014-03-28,401.35,405.0,401.1,404.55,22460,INR
2014-03-31,404.9,405.4,403.0,404.15,17342,INR
2014-04-01,403.3,404.6,402.35,403.75,16108,INR
2014-04-02,404.0,408.8,403.55,404.7,24042,INR
2014-04-03,404.4,406.6,402.5,405.9,22721,INR
2014-04-04,406.5,408.75,400.7,401.15,29201,INR
2014-04-05,401.1,401.1,401.1,401.1,0,INR
2014-04-07,400.6,408.1,399.15,407.55,29435,INR
2014-04-08,407.0,407.25,403.85,406.8,11625,INR
2014-04-09,406.1,407.0,401.45,404.15,27070,INR
2014-04-10,404.5,406.85,403.0,406.4,22474,INR
2014-04-11,405.55,411.7,405.1,407.05,33060,INR
2014-04-14,407.5,408.9,406.5,406.8,8131,INR
2014-04-15,406.05,406.05,396.0,399.9,29544,INR
2014-04-16,399.0,408.8,397.75,404.65,31369,INR
2014-04-17,405.0,407.75,403.6,407.35,18754,INR
2014-04-21,407.0,408.6,405.5,408.05,14623,INR
2014-04-22,407.5,411.3,406.0,410.95,23203,INR
2014-04-23,410.25,413.9,408.8,413.55,27774,INR
2014-04-25,413.85,421.95,413.85,418.25,24624,INR
2014-04-27,418.4,418.4,418.4,418.4,0,INR
2014-04-28,419.5,420.85,415.5,415.95,16088,INR
2014-04-29,416.0,416.0,409.1,409.45,15853,INR
2014-04-30,413.3,415.35,407.8,408.1,16844,INR
2014-05-01,408.95,408.95,405.65,406.9,9446,INR
2014-05-02,406.2,413.4,405.55,411.6,23769,INR
2014-05-05,412.1,412.65,409.7,409.85,14870,INR
2014-05-06,410.65,411.3,408.5,408.9,15184,INR
2014-05-07,408.95,410.4,404.5,405.35,22773,INR
2014-05-08,405.8,410.0,405.25,409.4,21107,INR
2014-05-09,409.8,412.0,408.3,411.75,19457,INR
2014-05-12,412.05,419.9,412.05,417.8,24578,INR
2014-05-13,417.6,420.3,414.25,414.65,20104,INR
2014-05-14,415.55,420.0,415.55,418.1,12599,INR
2014-05-15,419.0,419.0,415.3,415.75,20503,INR
2014-05-16,415.1,415.1,409.4,410.15,19367,INR
2014-05-19,411.25,413.75,410.65,411.95,13232,INR
2014-05-20,411.5,414.4,407.55,410.0,21122,INR
2014-05-21,410.4,411.45,405.15,407.8,23889,INR
2014-05-22,408.3,409.8,405.55,407.45,25455,INR
2014-05-23,408.25,411.9,408.25,410.85,19713,INR
2014-05-26,411.3,418.9,411.3,417.9,17792,INR
2014-05-27,417.05,418.0,413.65,415.1,19094,INR
2014-05-28,415.45,417.45,414.55,415.0,16569,INR
2014-05-29,414.45,414.45,410.2,410.9,16288,INR
2014-05-30,410.25,413.8,409.65,410.75,18431,INR
2014-06-02,412.05,416.4,412.05,416.05,17311,INR
2014-06-03,415.2,415.45,411.7,412.7,18634,INR
2014-06-04,412.75,412.75,405.75,406.45,26631,INR
2014-06-05,406.5,408.2,403.35,404.55,24157,INR
2014-06-06,404.1,404.5,396.35,398.8,32396,INR
2014-06-09,397.7,399.85,394.6,399.2,23522,INR
2014-06-10,399.8,401.2,397.2,400.85,22188,INR
2014-06-11,401.2,403.25,398.5,399.65,22355,INR
2014-06-12,400.3,401.0,394.75,395.8,22170,INR
2014-06-13,396.5,402.3,396.5,400.85,22432,INR
2014-06-16,402.4,407.2,402.4,405.95,21292,INR
2014-06-17,406.8,409.2,404.9,408.7,24678,INR
2014-06-18,408.4,410.4,405.95,407.35,22549,INR
2014-06-19,407.05,409.7,404.05,408.9,22295,INR
2014-06-20,409.45,416.35,409.45,415.6,24672,INR
2014-06-23,416.0,420.25,416.0,418.25,17644,INR
2014-06-24,417.25,419.5,416.05,418.55,14247,INR
2014-06-25,418.5,420.7,415.3,420.2,21461,INR
2014-06-26,420.6,422.1,418.65,420.35,16853,INR
2014-06-27,420.35,421.8,417.55,417.75,12927,INR
2014-06-30,418.5,423.1,417.0,422.35,9898,INR
2014-07-01,429.15,430.5,427.4,427.75,14684,INR
2014-07-02,427.25,433.45,425.25,432.75,23526,INR
2014-07-03,431.7,435.3,431.55,434.6,19247,INR
2014-07-04,434.0,435.85,433.55,435.05,10957,INR
2014-07-07,433.95,436.0,431.4,435.0,16588,INR
2014-07-08,434.3,438.15,432.8,434.4,19582,INR
2014-07-09,434.0,435.5,431.1,431.45,17773,INR
2014-07-10,431.15,437.75,430.6,437.55,22819,INR
2014-07-11,437.55,437.6,433.6,436.55,17453,INR
2014-07-12,436.4,436.4,436.4,436.4,0,INR
2014-07-13,436.4,436.4,436.4,436.4,0,INR
2014-07-14,435.35,437.2,433.5,433.9,14992,INR
2014-07-15,433.5,435.5,432.35,434.95,16517,INR
2014-07-16,435.3,435.75,428.25,429.7,18279,INR
2014-07-17,430.25,432.15,427.75,431.8,18812,INR
2014-07-18,431.6,431.6,424.8,426.15,18564,INR
2014-07-20,426.3,426.3,426.3,426.3,0,INR
2014-07-21,427.25,429.25,424.9,428.55,16690,INR
2014-07-22,428.95,432.5,428.0,428.85,16490,INR
2014-07-23,428.6,429.4,426.1,427.1,13516,INR
2014-07-24,427.75,435.8,427.7,435.5,22162,INR
2014-07-25,435.0,436.8,431.5,431.95,16126,INR
2014-07-27,432.2,432.2,432.2,432.2,0,INR
2014-07-28,431.7,433.45,430.8,432.25,12133,INR
2014-07-29,431.6,431.75,429.4,429.75,6512,INR
2014-07-30,430.1,435.0,427.8,434.7,15823,INR
2014-07-31,434.25,437.65,431.55,436.1,19282,INR
2014-08-01,436.5,439.35,434.4,435.25,22552,INR
2014-08-04,435.75,439.45,433.75,438.9,19090,INR
2014-08-05,438.75,438.75,432.5,433.05,19712,INR
2014-08-06,433.25,435.0,429.1,429.85,21823,INR
2014-08-07,430.65,433.3,429.35,431.7,19959,INR
2014-08-08,431.5,432.9,429.2,429.9,14348,INR
2014-08-10,429.85,429.85,429.85,429.85,0,INR
2014-08-11,431.0,432.75,429.15,429.75,14768,INR
2014-08-12,429.1,431.45,427.5,428.0,18436,INR
2014-08-13,427.6,427.6,420.2,420.5,20218,INR
2014-08-14,420.6,420.9,415.5,415.8,16293,INR
2014-08-18,416.5,420.25,416.25,417.9,14700,INR
2014-08-19,417.5,419.2,414.5,414.9,12202,INR
2014-08-20,415.7,425.75,415.35,425.05,23740,INR
2014-08-21,424.2,425.7,422.5,424.75,15340,INR
2014-08-22,425.2,428.45,425.2,427.5,13266,INR
2014-08-25,427.0,431.4,426.6,430.05,11478,INR
2014-08-26,429.55,429.55,424.4,425.95,13803,INR
2014-08-27,424.95,425.4,421.8,422.9,10905,INR
2014-08-28,423.05,423.95,416.2,417.0,11969,INR
2014-08-29,417.45,420.35,417.45,417.9,4702,INR
2014-08-30,429.6,429.6,429.6,429.6,0,INR
2014-09-01,429.9,430.5,426.15,427.35,9668,INR
2014-09-02,428.0,431.5,428.0,428.7,15669,INR
2014-09-03,429.05,429.8,423.35,424.55,16853,INR
2014-09-04,425.3,427.8,424.15,427.15,13458,INR
2014-09-05,427.4,428.45,424.4,427.35,12832,INR
2014-09-08,427.55,432.8,425.8,429.6,19241,INR
2014-09-09,429.6,429.6,421.4,422.65,19524,INR
2014-09-10,422.25,425.6,421.75,424.45,17039,INR
2014-09-11,424.0,424.15,417.6,421.3,23502,INR
2014-09-12,421.7,424.3,419.3,424.05,17178,INR
2014-09-13,423.8,423.8,423.8,423.8,0,INR
2014-09-15,423.2,423.2,419.3,422.3,17138,INR
2014-09-16,422.65,433.55,421.3,430.75,26378,INR
2014-09-17,430.1,430.1,426.75,428.05,15600,INR
2014-09-18,427.45,427.7,420.3,420.55,19915,INR
2014-09-19,421.3,422.2,418.05,420.7,19080,INR
2014-09-22,420.0,420.0,412.6,414.95,15704,INR
2014-09-23,415.0,416.95,413.45,414.2,14899,INR
2014-09-24,414.8,417.8,412.25,415.75,20378,INR
2014-09-25,415.0,417.9,413.75,417.3,17462,INR
2014-09-26,417.6,419.5,415.2,416.3,15490,INR
2014-09-27,416.2,416.2,416.2,416.2,0,INR
2014-09-29,415.7,421.9,414.45,419.95,17729,INR
2014-09-30,420.45,420.5,415.6,416.0,16682,INR
2014-10-01,415.5,419.25,413.85,417.95,23680,INR
2014-10-03,417.0,417.0,411.75,413.45,10536,INR
2014-10-05,413.6,413.6,413.6,413.6,0,INR
2014-10-06,414.8,416.95,414.2,416.2,6501,INR
2014-10-07,416.1,416.7,413.1,415.2,15922,INR
2014-10-08,414.5,416.1,410.8,411.9,20208,INR
2014-10-09,412.75,415.35,411.5,412.95,19149,INR
2014-10-10,412.7,414.8,408.8,414.35,23253,INR
2014-10-13,414.0,414.5,411.55,413.2,13932,INR
2014-10-14,413.0,423.35,413.0,421.6,29508,INR
2014-10-16,421.05,421.05,406.85,409.0,34685,INR
2014-10-17,408.1,411.0,404.55,409.25,25026,INR
2014-10-20,409.0,409.4,404.65,406.85,19827,INR
2014-10-21,407.0,411.95,405.2,410.9,19575,INR
2014-10-22,410.0,413.7,409.6,410.2,17544,INR
2014-10-23,412.75,413.35,411.8,412.9,3935,INR
2014-10-24,413.35,415.25,412.1,412.3,6738,INR
2014-10-27,412.0,417.75,411.25,416.75,16945,INR
2014-10-28,417.5,420.0,416.85,419.75,13945,INR
2014-10-29,419.2,422.5,418.5,421.6,15933,INR
2014-10-30,421.0,421.0,413.6,416.95,19551,INR
2014-10-31,416.65,420.65,414.0,414.75,19276,INR
2014-11-03,415.55,417.2,413.1,416.75,15571,INR
2014-11-04,416.0,416.0,408.5,409.85,13680,INR
2014-11-05,409.2,410.6,403.15,409.0,21094,INR
2014-11-06,408.4,411.2,407.05,410.7,9854,INR
2014-11-07,411.5,415.8,410.1,413.05,20300,INR
2014-11-10,414.5,415.3,411.15,411.6,13987,INR
2014-11-11,412.0,413.0,407.6,412.7,19112,INR
2014-11-12,412.75,413.95,410.4,411.05,15493,INR
2014-11-13,411.15,415.05,406.25,407.1,22293,INR
2014-11-14,407.9,415.95,407.1,415.6,24196,INR
2014-11-16,415.25,415.25,415.25,415.25,0,INR
2014-11-17,415.25,417.6,413.0,415.05,16203,INR
2014-11-18,414.55,415.35,408.6,409.25,21423,INR
2014-11-19,410.8,417.5,408.9,416.85,27455,INR
2014-11-20,416.4,416.6,410.6,412.6,22014,INR
2014-11-21,412.9,418.2,410.9,412.85,26887,INR
2014-11-24,414.0,415.3,409.7,410.2,18117,INR
2014-11-25,410.9,413.2,403.5,404.0,27686,INR
2014-11-26,404.4,406.75,402.0,405.5,18034,INR
2014-11-27,406.65,407.5,402.7,403.6,13971,INR
2014-11-28,402.6,402.6,389.7,390.7,16138,INR
2014-12-01,398.0,403.9,383.2,403.6,34331,INR
2014-12-02,402.0,402.3,396.25,400.8,24823,INR
2014-12-03,399.6,400.85,397.3,398.7,21456,INR
2014-12-04,398.65,405.8,398.65,403.9,26995,INR
2014-12-05,403.0,406.9,402.4,403.4,19028,INR
2014-12-08,403.9,405.2,399.5,399.7,22470,INR
2014-12-09,399.5,408.8,397.8,406.45,34993,INR
2014-12-10,406.2,406.2,402.35,403.35,19772,INR
2014-12-11,404.15,409.7,403.65,408.7,24486,INR
2014-12-12,409.3,411.5,406.8,410.65,20780,INR
2014-12-15,410.95,414.8,409.4,410.0,23272,INR
2014-12-16,409.7,412.2,405.85,408.8,33800,INR
2014-12-17,408.5,409.8,403.05,407.3,27904,INR
2014-12-18,406.5,407.3,401.2,401.9,31386,INR
2014-12-19,402.2,410.3,402.2,409.0,29528,INR
2014-12-22,409.7,410.65,405.6,406.95,18891,INR
2014-12-23,406.05,407.85,404.25,406.35,17028,INR
2014-12-24,406.1,407.2,403.8,404.15,14179,INR
2014-12-26,403.75,406.5,399.3,400.5,18806,INR
2014-12-29,401.0,403.85,399.35,401.3,25583,INR
2014-12-30,402.9,404.75,399.9,403.3,28274,INR
2014-12-31,403.25,404.2,398.4,399.2,22740,INR
2015-01-01,399.15,400.5,397.6,399.6,6410,INR
2015-01-02,400.0,401.6,395.85,398.05,25457,INR
2015-01-05,399.0,399.0,389.3,391.55,30799,INR
2015-01-06,392.5,393.75,390.65,391.65,24048,INR
2015-01-07,391.95,392.5,388.6,389.45,23797,INR
2015-01-08,389.75,389.9,384.3,385.5,27337,INR
2015-01-09,385.1,385.8,381.2,382.15,27326,INR
2015-01-12,381.35,382.4,374.5,377.1,27838,INR
2015-01-13,375.5,375.5,363.6,364.9,37657,INR
2015-01-14,363.3,363.3,341.0,345.75,62847,INR
2015-01-15,348.0,358.0,347.95,352.2,41792,INR
2015-01-16,353.8,359.45,350.7,358.9,31569,INR
2015-01-17,358.8,358.8,358.8,358.8,0,INR
2015-01-19,357.5,360.85,351.0,352.8,32494,INR
2015-01-20,354.0,358.65,351.65,355.9,38345,INR
2015-01-21,353.4,359.9,347.2,357.15,42944,INR
2015-01-22,356.3,357.55,349.65,350.9,32878,INR
2015-01-23,349.3,349.3,340.25,341.35,33986,INR
2015-01-25,340.8,340.8,340.8,340.8,0,INR
2015-01-27,340.0,346.0,334.2,335.95,37135,INR
2015-01-28,336.9,340.5,334.65,337.8,38574,INR
2015-01-29,337.0,338.4,332.85,337.15,44193,INR
2015-01-30,335.4,343.8,334.1,342.95,37601,INR
2015-02-02,343.85,345.5,340.3,340.95,33803,INR
2015-02-03,341.5,354.4,341.5,353.05,45695,INR
2015-02-04,351.7,356.5,350.35,354.95,40988,INR
2015-02-05,354.1,356.5,347.0,355.4,44791,INR
2015-02-06,355.0,357.5,352.0,354.75,33697,INR
2015-02-09,352.75,356.65,352.55,355.15,26344,INR
2015-02-10,354.8,354.8,348.1,351.75,34391,INR
2015-02-11,351.15,355.85,350.35,351.3,32343,INR
2015-02-12,351.5,359.55,350.3,357.8,34715,INR
2015-02-13,359.35,362.4,355.75,357.3,33671,INR
2015-02-16,357.5,360.7,356.2,360.0,24705,INR
2015-02-17,358.5,358.5,350.85,354.3,21177,INR
2015-02-18,353.0,362.8,353.0,359.55,37523,INR
2015-02-19,358.3,360.45,355.25,359.45,29619,INR
2015-02-20,359.2,360.15,354.6,356.75,36143,INR
2015-02-21,357.25,357.25,357.25,357.25,0,INR
2015-02-23,357.85,359.2,352.75,355.9,27288,INR
2015-02-24,355.25,366.9,354.0,362.5,39725,INR
2015-02-25,361.2,364.2,359.75,363.5,25970,INR
2015-02-26,363.9,371.85,363.9,368.85,29164,INR
2015-02-27,369.25,370.8,366.1,369.3,15851,INR
2015-02-28,369.6,372.2,369.0,371.8,4412,INR
2015-03-02,372.5,375.2,370.85,372.85,25701,INR
2015-03-03,371.7,371.7,363.8,366.7,28474,INR
2015-03-04,367.15,371.65,365.5,370.2,29596,INR
2015-03-05,370.35,372.3,368.65,369.35,23825,INR
2015-03-06,368.6,369.2,365.5,366.05,12414,INR
2015-03-09,366.4,374.35,364.3,374.0,29440,INR
2015-03-10,373.8,373.8,365.65,367.75,31407,INR
2015-03-11,368.25,370.75,364.5,365.1,28906,INR
2015-03-12,364.9,373.45,364.3,371.1,39352,INR
2015-03-13,371.55,375.5,371.3,375.1,32138,INR
2015-03-14,375.25,375.25,375.25,375.25,0,INR
2015-03-16,374.65,375.9,372.25,373.35,24312,INR
2015-03-17,373.0,373.0,365.3,368.9,31344,INR
2015-03-18,367.7,367.7,357.2,358.25,40242,INR
2015-03-19,359.6,371.2,359.6,370.7,43228,INR
2015-03-20,369.5,384.4,367.85,382.25,50300,INR
2015-03-23,383.6,387.25,381.75,386.15,33030,INR
2015-03-24,384.5,389.3,384.45,387.75,32252,INR
2015-03-25,387.05,387.7,383.95,387.15,27844,INR
2015-03-26,387.9,398.7,387.9,392.45,37082,INR
2015-03-27,390.5,390.5,382.8,384.8,29613,INR
2015-03-30,385.35,386.9,383.2,384.9,22816,INR
2015-03-31,384.0,385.1,378.1,378.5,27247,INR
2015-04-01,379.4,381.85,374.55,378.7,28297,INR
2015-04-02,377.3,377.9,375.1,375.6,11235,INR
2015-04-06,377.3,389.9,371.25,374.2,49029,INR
2015-04-07,375.7,383.1,375.7,380.65,31142,INR
2015-04-08,379.0,382.15,375.95,377.1,26515,INR
2015-04-09,376.2,380.3,374.95,376.35,23336,INR
2015-04-10,378.4,382.5,376.65,377.0,27389,INR
2015-04-13,378.3,381.2,375.3,375.6,24026,INR
2015-04-14,375.0,375.0,369.2,372.45,15976,INR
2015-04-15,372.6,375.85,368.85,375.55,26370,INR
2015-04-16,375.9,383.8,375.9,383.0,30641,INR
2015-04-17,382.5,386.7,381.5,384.0,30062,INR
2015-04-20,384.4,387.0,379.25,380.9,27790,INR
2015-04-21,381.9,381.9,373.8,374.65,30202,INR
2015-04-22,374.85,376.5,371.3,371.9,24744,INR
2015-04-23,371.1,377.9,370.05,376.95,28121,INR
2015-04-24,375.3,387.5,375.3,385.15,31808,INR
2015-04-27,387.05,389.5,385.5,387.65,21664,INR
2015-04-28,386.7,388.4,384.2,386.85,20251,INR
2015-04-29,385.6,391.4,383.5,390.65,20221,INR
2015-04-30,391.5,406.25,389.55,404.65,18470,INR
2015-05-01,409.55,416.85,409.55,416.35,17374,INR
2015-05-04,414.05,415.1,412.75,413.8,11326,INR
2015-05-05,412.9,418.0,410.9,414.5,27845,INR
2015-05-06,415.05,417.95,411.5,414.95,28395,INR
2015-05-07,414.0,420.5,413.0,416.45,27987,INR
2015-05-08,416.45,418.0,411.6,414.25,23576,INR
2015-05-11,413.7,415.9,412.05,413.9,20246,INR
2015-05-12,414.25,421.8,414.25,419.4,27559,INR
2015-05-13,418.5,420.7,414.5,417.05,23649,INR
2015-05-14,416.0,416.9,411.1,411.5,20973,INR
2015-05-15,412.2,414.2,408.65,412.1,20265,INR
2015-05-18,413.0,414.9,410.0,411.5,18346,INR
2015-05-19,412.1,412.7,401.65,402.45,25260,INR
2015-05-20,403.9,403.9,399.25,400.85,21225,INR
2015-05-21,401.85,404.35,401.3,402.8,18040,INR
2015-05-22,403.1,403.6,394.7,396.5,19347,INR
2015-05-25,396.15,400.4,394.85,399.8,14725,INR
2015-05-26,399.75,400.65,394.1,394.4,20673,INR
2015-05-27,395.7,397.0,392.4,393.85,18706,INR
2015-05-28,394.3,394.5,391.5,392.4,15679,INR
2015-05-29,393.2,394.0,385.95,386.65,18120,INR
2015-06-01,387.45,387.45,384.0,384.4,17611,INR
2015-06-02,385.0,388.4,385.0,387.2,19152,INR
2015-06-03,387.8,389.45,385.85,387.7,17974,INR
2015-06-04,387.45,388.4,380.35,381.4,26445,INR
2015-06-05,381.0,384.7,378.5,382.55,23173,INR
2015-06-08,383.5,384.45,381.45,383.55,15748,INR
2015-06-09,384.2,387.7,381.9,385.1,22328,INR
2015-06-10,385.35,391.25,384.2,388.15,24236,INR
2015-06-11,387.6,387.85,376.7,378.9,30019,INR
2015-06-12,379.1,381.0,377.25,380.65,19898,INR
2015-06-15,380.05,380.05,373.0,375.45,21673,INR
2015-06-16,376.0,377.05,371.2,371.45,21760,INR
2015-06-17,371.15,373.8,369.3,370.35,24053,INR
2015-06-18,371.3,373.0,366.3,366.6,26597,INR
2015-06-19,367.5,368.7,359.2,360.4,25999,INR
2015-06-22,360.2,362.6,359.35,360.3,18871,INR
2015-06-23,361.4,369.5,361.4,367.2,26359,INR
2015-06-24,367.4,371.85,365.4,368.8,27392,INR
2015-06-25,368.9,369.55,364.3,368.35,24040,INR
2015-06-26,368.7,372.9,367.65,371.2,25290,INR
2015-06-29,371.7,374.5,369.0,370.55,23916,INR
2015-06-30,370.7,373.0,364.7,368.65,15568,INR
2015-07-01,372.0,376.5,370.4,374.0,25872,INR
2015-07-02,374.15,375.3,372.0,372.35,18256,INR
2015-07-03,372.4,374.5,369.5,370.15,17130,INR
2015-07-06,369.55,369.55,356.0,357.4,33750,INR
2015-07-07,357.6,358.6,338.35,348.2,50048,INR
2015-07-08,348.05,357.0,338.6,353.35,49307,INR
2015-07-09,354.0,365.6,354.0,359.65,37034,INR
2015-07-10,359.1,361.0,356.65,358.7,23403,INR
2015-07-13,357.8,362.75,351.15,359.4,31931,INR
2015-07-14,358.8,359.2,354.6,358.1,21268,INR
2015-07-15,358.65,363.35,356.0,356.35,31379,INR
2015-07-16,356.65,359.35,355.2,356.35,20664,INR
2015-07-17,357.0,358.0,350.3,352.2,26451,INR
2015-07-20,351.6,354.0,349.0,351.5,22027,INR
2015-07-21,351.7,355.8,349.8,350.15,24697,INR
2015-07-22,349.8,349.8,343.45,344.4,24756,INR
2015-07-23,344.7,347.1,338.2,338.65,29896,INR
2015-07-24,338.0,341.9,334.5,340.25,34536,INR
2015-07-27,340.75,340.75,334.2,336.1,26441,INR
2015-07-28,335.45,342.6,335.45,341.4,26201,INR
2015-07-29,342.25,344.0,339.65,341.65,27419,INR
2015-07-30,342.0,342.45,336.0,338.95,27391,INR
2015-07-31,338.7,340.4,335.05,335.35,30091,INR
2015-08-03,335.1,335.7,330.1,333.6,33949,INR
2015-08-04,333.2,336.6,331.8,333.95,27502,INR
2015-08-05,333.05,333.9,330.7,331.7,25946,INR
2015-08-06,331.85,333.65,330.25,331.15,23733,INR
2015-08-07,330.2,332.8,327.4,329.7,36998,INR
2015-08-10,329.4,340.7,328.4,339.0,39258,INR
2015-08-11,338.0,338.8,329.35,332.35,40430,INR
2015-08-12,332.35,338.95,328.85,338.25,37805,INR
2015-08-13,337.5,342.0,334.2,339.85,35831,INR
2015-08-14,339.25,341.0,336.25,338.6,29377,INR
2015-08-17,336.85,338.15,334.25,336.5,25959,INR
2015-08-18,336.5,336.7,328.4,330.85,35151,INR
2015-08-19,330.2,331.45,326.15,328.35,33499,INR
2015-08-20,328.45,337.9,328.25,336.0,36460,INR
2015-08-21,336.1,338.7,331.0,337.75,34757,INR
2015-08-24,336.7,336.7,327.2,334.5,46252,INR
2015-08-25,335.5,338.65,330.1,336.75,37656,INR
2015-08-26,336.25,336.25,327.3,329.2,34525,INR
2015-08-27,330.05,341.4,330.05,339.8,34671,INR
2015-08-28,340.0,345.9,337.1,342.25,22997,INR
2015-08-31,340.55,342.65,335.1,341.75,10416,INR
2015-09-01,347.95,348.3,343.0,343.25,27777,INR
2015-09-02,343.0,348.8,342.2,345.95,31485,INR
2015-09-03,347.0,357.95,346.9,352.65,41008,INR
2015-09-04,352.0,353.4,345.8,347.4,36734,INR
2015-09-07,348.4,354.5,348.1,351.4,31243,INR
2015-09-08,351.4,364.2,348.45,362.6,53953,INR
2015-09-09,364.0,367.4,361.65,363.3,38748,INR
2015-09-10,362.65,368.0,362.3,364.75,34236,INR
2015-09-11,365.4,366.4,361.2,364.15,29831,INR
2015-09-14,365.0,365.0,357.1,357.55,33736,INR
2015-09-15,357.95,361.7,355.5,361.2,31411,INR
2015-09-16,360.5,364.35,358.7,363.35,32497,INR
2015-09-17,362.0,364.9,361.1,363.45,12944,INR
2015-09-18,362.1,362.65,350.2,350.55,44346,INR
2015-09-21,350.3,354.7,350.0,351.15,27776,INR
2015-09-22,350.6,350.7,338.0,339.55,44291,INR
2015-09-23,339.0,343.25,338.5,340.15,33000,INR
2015-09-24,340.05,343.7,337.3,341.3,33843,INR
2015-09-25,341.05,342.85,337.5,337.8,16033,INR
2015-09-28,338.0,339.4,330.65,334.0,33816,INR
2015-09-29,333.0,335.5,329.75,333.0,32736,INR
2015-09-30,333.25,345.2,333.25,342.75,47334,INR
2015-10-01,343.65,349.0,337.2,337.95,42283,INR
2015-10-05,338.75,345.5,338.75,342.95,36086,INR
2015-10-06,341.9,345.9,339.7,343.35,34361,INR
2015-10-07,344.3,346.9,341.85,343.2,40123,INR
2015-10-08,342.05,342.05,337.0,339.85,40673,INR
2015-10-09,340.3,352.0,340.3,347.75,53281,INR
2015-10-12,348.35,351.7,347.6,348.25,28835,INR
2015-10-13,348.0,349.9,345.8,346.95,29893,INR
2015-10-14,347.3,349.45,344.8,349.2,29335,INR
2015-10-15,349.5,351.2,347.2,349.75,28371,INR
2015-10-16,349.45,349.85,344.15,346.55,29960,INR
2015-10-19,345.5,346.0,340.35,342.0,26773,INR
2015-10-20,341.25,344.25,339.9,342.45,30407,INR
2015-10-21,341.85,342.5,338.65,342.0,33738,INR
2015-10-22,342.95,347.5,342.95,343.75,18785,INR
2015-10-23,343.05,348.2,338.95,340.3,41782,INR
2015-10-26,340.85,343.8,339.3,340.1,28857,INR
2015-10-27,340.55,343.7,340.2,342.05,24533,INR
2015-10-28,341.1,342.45,336.2,341.45,39178,INR
2015-10-29,341.0,341.5,337.05,337.3,30434,INR
2015-10-30,337.9,338.3,335.45,336.55,27064,INR
2015-11-02,336.3,337.95,335.7,337.5,23714,INR
2015-11-03,337.95,340.3,336.05,339.6,31691,INR
2015-11-04,339.9,342.6,337.1,337.65,34486,INR
2015-11-05,338.15,338.4,329.2,330.1,45501,INR
2015-11-06,330.6,331.6,327.7,328.85,38767,INR
2015-11-09,329.15,331.7,328.75,329.2,21991,INR
2015-11-10,328.5,329.55,324.3,325.7,30453,INR
2015-11-11,323.9,325.0,323.8,324.8,4013,INR
2015-11-12,324.2,324.2,316.2,318.25,22719,INR
2015-11-13,319.0,319.0,315.4,317.65,22939,INR
2015-11-16,317.05,317.55,308.2,308.85,33748,INR
2015-11-17,308.05,310.95,302.2,307.8,41266,INR
2015-11-18,307.05,308.5,302.7,304.75,33888,INR
2015-11-19,304.0,305.5,301.2,303.65,33456,INR
2015-11-20,304.7,307.6,299.6,300.1,40666,INR
2015-11-23,298.7,298.7,293.55,296.65,32374,INR
2015-11-24,296.05,303.65,295.2,302.15,38000,INR
2015-11-25,301.5,301.7,297.35,300.15,16717,INR
2015-11-26,301.25,311.15,301.25,306.4,35722,INR
2015-11-27,305.7,307.5,302.15,302.8,28368,INR
2015-11-30,302.5,304.8,298.65,300.15,24907,INR
2015-12-01,309.3,311.8,308.1,310.4,34214,INR
2015-12-02,309.9,310.6,305.05,306.2,32050,INR
2015-12-03,305.5,310.2,303.9,309.75,33635,INR
2015-12-04,308.75,314.5,308.2,312.2,33206,INR
2015-12-07,311.5,313.2,306.5,307.1,26234,INR
2015-12-08,307.7,311.3,306.1,308.8,28057,INR
2015-12-09,309.5,314.3,309.4,310.95,32759,INR
2015-12-10,310.0,311.4,308.45,310.4,21943,INR
2015-12-11,311.0,321.6,311.0,318.8,45244,INR
2015-12-14,319.0,319.8,315.0,317.7,27963,INR
2015-12-15,316.0,316.25,307.3,308.85,32420,INR
2015-12-16,309.6,312.45,307.95,310.05,28071,INR
2015-12-17,309.7,309.7,302.75,304.55,28574,INR
2015-12-18,305.0,314.0,305.0,313.35,40410,INR
2015-12-21,312.8,317.8,312.2,317.4,30826,INR
2015-12-22,316.9,316.9,312.3,312.8,22066,INR
2015-12-23,314.0,315.1,312.0,314.0,25677,INR
2015-12-24,314.8,314.8,312.05,313.35,11366,INR
2015-12-28,313.0,313.05,307.55,308.2,21765,INR
2015-12-29,309.0,318.5,309.0,316.65,33406,INR
2015-12-30,316.0,318.7,315.15,318.35,22871,INR
2015-12-31,317.1,318.2,313.2,315.5,24469,INR
2016-01-01,314.7,317.5,313.8,316.3,5972,INR
2016-01-04,315.5,315.5,308.1,309.8,35877,INR
2016-01-05,309.0,313.5,308.5,311.0,33311,INR
2016-01-06,310.9,312.0,309.0,311.15,26803,INR
2016-01-07,310.05,310.05,297.15,300.9,51606,INR
2016-01-08,300.9,305.25,300.4,301.4,37260,INR
2016-01-11,300.55,300.55,293.5,293.8,33434,INR
2016-01-12,294.35,295.45,291.8,292.65,31808,INR
2016-01-13,294.0,295.25,291.3,291.9,30443,INR
2016-01-14,292.7,299.5,292.0,297.3,32749,INR
2016-01-15,297.0,297.0,293.2,294.55,26503,INR
2016-01-18,295.0,297.9,295.0,296.6,23246,INR
2016-01-19,297.85,302.8,297.85,298.75,35071,INR
2016-01-20,299.0,299.5,296.25,297.35,28653,INR
2016-01-21,298.4,302.2,296.45,301.8,33142,INR
2016-01-22,301.4,303.95,300.3,301.2,31479,INR
2016-01-25,302.3,303.7,298.7,300.85,32039,INR
2016-01-27,301.2,313.8,301.2,312.3,39742,INR
2016-01-28,311.75,312.25,308.4,310.1,29087,INR
2016-01-29,309.9,311.85,308.25,311.55,24338,INR
2016-02-01,309.8,310.45,305.4,310.2,29955,INR
2016-02-02,310.0,314.8,308.15,309.95,31975,INR
2016-02-03,310.0,316.8,310.0,315.75,31430,INR
2016-02-04,315.7,319.8,315.2,319.2,31633,INR
2016-02-05,317.5,319.1,313.85,316.15,32611,INR
2016-02-08,315.5,316.7,312.1,315.1,30690,INR
2016-02-09,315.2,317.25,303.4,306.5,46984,INR
2016-02-10,305.6,307.15,300.8,304.15,33112,INR
2016-02-11,302.75,307.4,301.7,304.65,30884,INR
2016-02-12,305.0,308.7,304.1,306.5,23515,INR
2016-02-15,307.5,314.35,307.5,310.25,27466,INR
2016-02-16,311.65,315.0,310.5,311.0,29577,INR
2016-02-17,312.5,314.6,309.7,313.75,28002,INR
2016-02-18,313.1,315.75,311.1,314.9,28346,INR
2016-02-19,315.3,318.0,314.1,316.0,31250,INR
2016-02-22,317.3,322.45,317.3,320.8,27974,INR
2016-02-23,320.45,320.45,317.05,319.2,23690,INR
2016-02-24,317.55,318.8,313.15,318.05,27344,INR
2016-02-25,317.95,319.75,314.0,315.0,31116,INR
2016-02-26,316.35,326.45,316.25,321.7,40690,INR
2016-02-29,320.5,322.05,317.55,321.35,16873,INR
2016-03-01,324.25,325.15,320.8,324.25,31949,INR
2016-03-02,324.85,328.7,324.85,328.3,30489,INR
2016-03-03,327.8,331.5,327.3,331.2,25612,INR
2016-03-04,331.75,343.4,330.1,339.25,47979,INR
2016-03-07,338.6,341.75,338.05,340.4,17273,INR
2016-03-08,339.0,340.4,331.85,333.85,36277,INR
2016-03-09,333.1,337.05,332.35,334.55,28414,INR
2016-03-10,334.85,335.6,330.8,333.0,28972,INR
2016-03-11,334.0,336.8,333.6,334.55,27956,INR
2016-03-14,335.8,338.85,333.4,335.0,28221,INR
2016-03-15,333.8,336.4,331.4,336.1,27579,INR
2016-03-16,334.95,337.05,334.05,334.55,22693,INR
2016-03-17,335.9,340.7,335.0,338.55,39309,INR
2016-03-18,339.45,343.8,336.3,337.5,34187,INR
2016-03-21,337.15,340.15,335.9,339.45,26267,INR
2016-03-22,338.85,339.55,336.6,339.1,21643,INR
2016-03-23,338.95,339.75,332.1,333.4,25507,INR
2016-03-24,332.1,332.5,328.65,332.05,11127,INR
2016-03-28,332.15,333.75,329.25,332.1,20758,INR
2016-03-29,331.95,331.95,325.65,326.45,25632,INR
2016-03-30,326.0,326.0,321.55,322.0,26685,INR
2016-03-31,321.5,322.8,318.7,321.25,28009,INR
2016-04-01,320.8,324.2,317.8,318.5,28469,INR
2016-04-04,317.65,319.0,313.6,314.2,27488,INR
2016-04-05,314.7,317.35,313.8,315.1,25911,INR
2016-04-06,316.0,317.55,315.05,316.15,24701,INR
2016-04-07,316.95,316.95,306.0,306.8,42820,INR
2016-04-08,307.5,309.0,306.15,308.15,28128,INR
2016-04-11,308.7,309.7,305.65,307.25,26005,INR
2016-04-12,307.95,315.9,307.75,315.2,40180,INR
2016-04-13,315.95,320.25,315.95,319.4,29606,INR
2016-04-14,318.5,320.65,317.4,320.1,12904,INR
2016-04-15,319.0,319.0,314.8,317.15,13490,INR
2016-04-18,317.7,319.7,314.15,318.8,22695,INR
2016-04-19,318.0,325.8,315.3,325.6,23652,INR
2016-04-20,324.2,327.85,321.95,327.4,28322,INR
2016-04-21,327.95,334.3,325.75,330.55,40293,INR
2016-04-22,329.6,338.2,328.6,334.6,33469,INR
2016-04-25,332.9,334.3,330.8,332.0,26470,INR
2016-04-26,330.8,330.8,326.55,329.05,24501,INR
2016-04-27,328.1,328.35,322.6,326.25,26403,INR
2016-04-28,326.25,327.15,323.3,325.55,19169,INR
2016-04-29,326.45,336.1,326.45,334.2,18024,INR
2016-05-02,337.55,340.2,334.65,335.95,22818,INR
2016-05-03,334.65,334.65,328.7,329.25,32836,INR
2016-05-04,329.05,329.9,324.9,325.4,31389,INR
2016-05-05,326.5,326.5,318.5,318.9,34849,INR
2016-05-06,320.0,322.35,318.1,320.2,30484,INR
2016-05-09,319.5,319.5,312.85,313.2,25992,INR
2016-05-10,314.0,315.75,311.4,311.9,27746,INR
2016-05-11,312.4,316.75,312.1,312.45,31583,INR
2016-05-12,313.5,317.45,307.15,308.5,41372,INR
2016-05-13,309.5,311.3,308.1,309.9,29068,INR
2016-05-16,310.1,313.5,309.25,311.65,27466,INR
2016-05-17,312.35,313.95,308.65,311.35,31964,INR
2016-05-18,310.15,311.5,306.1,311.1,35969,INR
2016-05-19,310.05,311.45,307.2,310.7,31089,INR
2016-05-20,310.8,313.6,308.2,308.45,31921,INR
2016-05-23,308.6,310.35,306.7,309.4,28126,INR
2016-05-24,309.1,314.8,309.1,311.5,34903,INR
2016-05-25,312.9,315.7,311.6,315.05,29351,INR
2016-05-26,314.5,317.1,312.65,313.1,29110,INR
2016-05-27,313.95,316.45,313.6,314.35,25332,INR
2016-05-30,313.75,314.5,312.1,312.5,12803,INR
2016-05-31,313.25,315.35,312.3,312.45,31044,INR
2016-06-01,312.45,312.45,307.85,310.5,31348,INR
2016-06-02,310.1,310.25,308.1,309.0,26866,INR
2016-06-03,309.6,317.35,309.15,313.6,42912,INR
2016-06-06,315.0,318.0,313.35,313.6,28463,INR
2016-06-07,313.6,313.9,302.8,303.35,54358,INR
2016-06-08,303.6,307.0,303.5,304.2,41829,INR
2016-06-09,305.2,307.75,298.1,301.7,50219,INR
2016-06-10,302.1,302.6,299.25,301.35,31602,INR
2016-06-13,302.05,306.8,301.8,305.7,40858,INR
2016-06-14,306.1,306.1,303.1,304.85,28747,INR
2016-06-15,305.2,314.45,305.15,310.8,57934,INR
2016-06-16,310.25,310.25,303.55,305.35,42383,INR
2016-06-17,305.4,308.15,304.0,305.0,38977,INR
2016-06-20,306.0,313.2,306.0,312.65,43568,INR
2016-06-21,311.5,317.95,309.4,317.65,49560,INR
2016-06-22,317.2,319.5,315.7,317.6,34871,INR
2016-06-23,317.85,322.25,316.5,321.45,40030,INR
2016-06-24,320.15,320.15,313.1,317.3,46792,INR
2016-06-27,316.7,320.3,316.15,317.85,32845,INR
2016-06-28,318.45,326.65,318.45,324.9,35101,INR
2016-06-29,324.0,325.85,322.3,325.35,23427,INR
2016-06-30,326.0,327.8,324.2,327.15,18408,INR
2016-07-01,333.0,341.4,332.65,339.6,1476,INR
2016-07-04,339.0,343.45,338.4,338.85,1251,INR
2016-07-05,338.1,338.4,332.35,334.65,1706,INR
2016-07-06,331.2,331.5,328.15,330.8,1111,INR
2016-07-07,330.65,331.75,325.1,325.4,1423,INR
2016-07-08,326.0,328.0,324.0,324.6,1190,INR
2016-07-11,326.35,330.55,326.35,328.1,1029,INR
2016-07-12,328.9,338.75,328.1,336.65,1524,INR
2016-07-13,337.5,346.3,337.5,340.75,1569,INR
2016-07-14,340.7,342.5,339.15,339.95,834,INR
2016-07-15,340.55,344.65,339.8,340.5,1313,INR
2016-07-18,340.0,341.6,336.2,340.85,1311,INR
2016-07-19,340.05,344.5,338.65,344.35,1514,INR
2016-07-20,342.3,343.35,339.0,342.75,1604,INR
2016-07-21,344.3,345.5,342.2,343.9,1370,INR
2016-07-22,342.0,344.7,339.2,339.9,1603,INR
2016-07-25,341.0,342.0,337.95,340.15,1063,INR
2016-07-26,338.8,341.0,335.7,339.0,1431,INR
2016-07-27,338.9,340.0,332.55,332.85,1838,INR
2016-07-28,335.0,337.25,334.0,335.8,1137,INR
2016-07-29,335.0,338.0,332.75,336.2,1535,INR
2016-08-01,336.2,339.1,332.1,332.35,1622,INR
2016-08-02,333.15,337.9,332.8,333.3,1972,INR
2016-08-03,333.5,334.2,329.35,332.05,1921,INR
2016-08-04,331.6,331.8,326.45,329.05,1918,INR
2016-08-05,329.5,329.9,325.8,326.6,1839,INR
2016-08-08,327.5,329.4,327.1,327.4,1183,INR
2016-08-09,327.0,327.1,324.2,324.85,1552,INR
2016-08-10,325.55,331.6,325.0,327.95,2746,INR
2016-08-11,328.8,330.15,327.8,329.95,1282,INR
2016-08-12,329.25,329.4,323.45,324.0,2702,INR
2016-08-16,324.05,328.25,324.05,327.55,2303,INR
2016-08-17,327.0,327.65,324.6,325.65,1306,INR
2016-08-18,326.75,329.8,326.35,327.3,2023,INR
2016-08-19,326.95,328.9,326.35,328.6,1281,INR
2016-08-22,327.5,327.5,323.45,325.0,3363,INR
2016-08-23,326.05,326.1,320.2,320.6,4026,INR
2016-08-24,320.6,321.05,315.2,315.7,5284,INR
2016-08-25,317.2,317.2,314.1,314.45,4286,INR
2016-08-26,315.85,316.85,313.5,314.35,5026,INR
2016-08-29,314.9,315.75,314.0,314.3,3519,INR
2016-08-30,315.3,315.35,312.6,313.15,8350,INR
2016-08-31,313.35,314.85,312.7,312.95,20606,INR
2016-09-01,313.3,315.4,311.8,312.1,27655,INR
2016-09-02,313.0,314.05,310.6,310.75,24986,INR
2016-09-05,310.5,311.3,309.7,311.05,6511,INR
2016-09-06,310.75,313.0,309.85,311.05,24026,INR
2016-09-07,311.5,314.4,311.05,312.5,24984,INR
2016-09-08,312.95,314.15,311.15,314.0,25008,INR
2016-09-09,313.75,315.6,312.15,313.65,23102,INR
2016-09-12,313.2,315.6,310.4,314.35,31003,INR
2016-09-13,315.0,316.8,314.45,316.15,14773,INR
2016-09-14,316.4,323.0,315.9,322.55,37685,INR
2016-09-15,322.6,324.55,321.65,323.3,22021,INR
2016-09-16,322.7,324.8,322.15,324.05,20077,INR
2016-09-19,323.5,323.5,320.9,322.8,20162,INR
2016-09-20,322.6,325.15,322.2,324.4,23164,INR
2016-09-21,324.2,324.4,322.25,322.7,18635,INR
2016-09-22,323.5,327.3,323.5,326.7,23109,INR
2016-09-23,326.0,328.4,325.55,327.8,24717,INR
2016-09-26,327.95,327.95,324.9,326.7,19694,INR
2016-09-27,326.1,326.1,321.1,322.45,27752,INR
2016-09-28,322.05,324.9,321.9,324.5,18053,INR
2016-09-29,325.0,328.75,325.0,326.1,22543,INR
2016-09-30,325.6,329.3,324.0,328.6,21084,INR
2016-10-03,328.05,328.85,322.15,324.75,24690,INR
2016-10-04,324.35,325.1,321.55,322.15,22486,INR
2016-10-05,322.5,323.35,319.6,322.0,20131,INR
2016-10-06,322.0,322.0,319.15,320.1,21956,INR
2016-10-07,320.15,323.55,319.25,321.5,21716,INR
2016-10-10,321.9,326.1,321.5,325.0,21045,INR
2016-10-11,324.05,325.8,322.85,324.9,8453,INR
2016-10-12,325.25,326.7,323.8,324.0,9158,INR
2016-10-13,323.1,323.1,315.45,315.8,28459,INR
2016-10-14,316.5,317.2,312.8,313.1,22873,INR
2016-10-17,313.8,315.45,312.9,313.35,16977,INR
2016-10-18,314.2,315.1,312.35,312.55,17998,INR
2016-10-19,312.5,313.0,309.95,312.05,23778,INR
2016-10-20,312.6,313.45,310.2,311.4,18316,INR
2016-10-21,312.0,312.4,310.45,311.0,16427,INR
2016-10-24,311.5,312.75,310.3,311.2,18985,INR
2016-10-25,312.0,318.4,312.0,317.25,35226,INR
2016-10-26,316.5,318.8,315.5,318.35,18195,INR
2016-10-27,317.5,321.35,316.35,321.0,28988,INR
2016-10-28,321.6,325.1,320.65,324.95,23599,INR
2016-10-30,325.3,325.7,324.5,324.85,991,INR
2016-10-31,324.35,326.9,324.1,325.55,11214,INR
2016-11-01,326.5,329.85,325.25,329.3,27350,INR
2016-11-02,329.0,329.7,326.55,328.35,24373,INR
2016-11-03,328.5,332.5,327.8,331.9,23084,INR
2016-11-04,331.5,335.25,330.7,334.55,18691,INR
2016-11-07,335.5,341.35,335.5,341.15,25709,INR
2016-11-08,341.2,349.7,337.65,348.85,41985,INR
2016-11-09,346.1,361.7,343.3,360.75,58098,INR
2016-11-10,361.5,379.7,361.5,376.65,51094,INR
2016-11-11,378.0,405.6,372.35,374.25,113111,INR
2016-11-14,378.0,383.2,375.6,378.3,27299,INR
2016-11-15,379.95,379.95,363.2,374.7,49658,INR
2016-11-16,374.0,375.95,366.9,370.05,35013,INR
2016-11-17,368.75,374.8,365.3,372.75,34506,INR
2016-11-18,372.0,374.1,367.75,370.95,35232,INR
2016-11-21,373.0,381.05,373.0,378.5,28374,INR
2016-11-22,378.9,386.8,378.9,383.1,28896,INR
2016-11-23,382.0,397.65,381.65,395.8,42524,INR
2016-11-24,403.0,408.45,400.5,402.45,45667,INR
2016-11-25,401.35,404.9,398.35,403.6,37922,INR
2016-11-28,405.35,414.9,399.5,400.65,43319,INR
2016-11-29,399.6,399.6,389.15,392.3,39008,INR
2016-11-30,389.5,399.65,384.4,395.9,23631,INR
2016-12-01,401.0,404.4,396.5,399.6,35087,INR
2016-12-02,398.0,398.3,393.3,396.55,30219,INR
2016-12-05,398.0,409.75,398.0,406.7,31166,INR
2016-12-06,405.5,406.45,398.4,401.1,33505,INR
2016-12-07,399.75,406.7,393.15,395.5,40818,INR
2016-12-08,397.0,398.3,390.75,392.5,36086,INR
2016-12-09,394.6,398.35,393.45,396.35,32202,INR
2016-12-12,395.5,397.6,391.0,391.35,15959,INR
2016-12-13,391.0,393.65,383.55,388.95,35400,INR
2016-12-14,388.0,391.5,384.8,389.55,31811,INR
2016-12-15,390.0,394.45,387.15,391.55,34576,INR
2016-12-16,391.0,392.0,384.0,385.1,28630,INR
2016-12-19,384.25,384.25,372.5,375.6,31791,INR
2016-12-20,374.8,378.2,373.5,377.05,26984,INR
2016-12-21,377.2,378.45,374.8,375.25,21286,INR
2016-12-22,375.0,377.25,370.25,376.55,27882,INR
2016-12-23,375.0,377.5,372.55,372.9,21839,INR
2016-12-26,372.8,372.9,365.35,369.9,9305,INR
2016-12-27,370.9,380.95,368.8,379.0,25127,INR
2016-12-28,379.0,383.0,375.5,378.25,33827,INR
2016-12-29,379.2,380.5,373.5,374.4,23955,INR
2016-12-30,375.15,378.7,375.15,376.85,20833,INR
2017-01-02,377.0,380.2,376.6,378.1,5950,INR
2017-01-03,379.65,384.2,376.15,376.55,37331,INR
2017-01-04,377.0,385.45,377.0,384.05,31801,INR
2017-01-05,385.0,388.0,379.45,380.45,33489,INR
2017-01-06,380.1,384.0,378.45,383.55,28103,INR
2017-01-09,383.6,385.0,380.1,382.9,27060,INR
2017-01-10,383.35,396.8,383.3,395.15,40590,INR
2017-01-11,395.45,397.35,392.3,393.3,31131,INR
2017-01-12,394.8,402.5,392.1,401.9,43382,INR
2017-01-13,401.0,405.7,398.15,405.2,31603,INR
2017-01-16,404.35,405.8,399.55,400.05,22797,INR
2017-01-17,399.4,399.4,391.5,394.2,32543,INR
2017-01-18,393.25,395.9,392.3,393.95,23487,INR
2017-01-19,395.35,396.85,388.65,392.8,28020,INR
2017-01-20,393.75,397.45,389.85,394.7,29685,INR
2017-01-23,397.0,399.75,394.7,398.2,23379,INR
2017-01-24,398.55,408.0,397.55,407.6,36399,INR
2017-01-25,407.25,409.3,403.65,406.95,39031,INR
2017-01-27,406.4,406.4,400.0,404.4,29160,INR
2017-01-30,403.65,404.95,394.7,397.95,33596,INR
2017-01-31,398.95,407.0,398.4,406.1,34929,INR
2017-02-01,405.6,408.15,402.65,403.25,28233,INR
2017-02-02,404.95,405.15,395.35,397.8,34531,INR
2017-02-03,397.8,397.8,387.15,387.7,33316,INR
2017-02-06,388.3,393.7,388.3,393.3,28529,INR
2017-02-07,392.75,394.5,390.35,391.1,26784,INR
2017-02-08,391.9,399.2,391.9,394.45,31182,INR
2017-02-09,395.2,395.6,388.7,390.6,30618,INR
2017-02-10,390.9,408.6,390.9,408.15,63867,INR
2017-02-13,409.8,414.75,409.8,411.3,35054,INR
2017-02-14,412.15,414.6,400.95,404.3,44484,INR
2017-02-15,404.7,406.65,401.3,404.3,30992,INR
2017-02-16,405.5,407.45,398.2,402.05,35502,INR
2017-02-17,402.3,402.45,396.35,400.2,31638,INR
2017-02-20,400.6,407.35,400.6,405.35,26493,INR
2017-02-21,404.1,406.6,403.35,405.25,27532,INR
2017-02-22,404.25,404.4,400.25,403.65,28777,INR
2017-02-23,402.5,402.5,388.0,388.75,36506,INR
2017-02-24,388.4,395.7,388.4,394.0,17703,INR
2017-02-27,393.5,395.65,390.5,395.3,24419,INR
2017-02-28,395.05,399.15,393.0,397.9,13277,INR
2017-03-01,401.8,409.15,401.8,404.0,36213,INR
2017-03-02,403.5,404.35,396.85,398.0,29024,INR
2017-03-03,397.0,399.3,396.2,398.5,23144,INR
2017-03-06,399.25,399.25,390.7,391.85,30269,INR
2017-03-07,392.0,392.4,385.4,386.8,29423,INR
2017-03-08,386.0,389.85,384.85,385.35,30509,INR
2017-03-09,385.5,385.5,378.85,381.7,28997,INR
2017-03-10,380.55,385.9,380.55,382.75,30384,INR
2017-03-13,385.5,388.2,383.1,385.45,9817,INR
2017-03-14,386.0,387.2,379.5,385.5,30100,INR
2017-03-15,385.0,388.8,383.05,386.75,25150,INR
2017-03-16,387.0,391.2,387.0,387.8,26412,INR
2017-03-17,387.5,391.0,385.8,390.75,26064,INR
2017-03-20,389.4,390.5,384.0,385.45,27524,INR
2017-03-21,384.5,384.5,378.1,379.2,33212,INR
2017-03-22,378.0,382.25,376.35,381.9,29067,INR
2017-03-23,382.3,384.25,379.5,383.85,29304,INR
2017-03-24,383.15,383.5,379.1,380.75,22528,INR
2017-03-27,379.8,379.8,370.25,378.95,34219,INR
2017-03-28,379.95,385.55,377.35,385.1,31669,INR
2017-03-29,384.0,385.9,382.15,384.05,29130,INR
2017-03-30,383.65,388.9,381.5,383.75,37238,INR
2017-03-31,384.2,384.4,378.4,380.65,31716,INR
2017-04-03,380.05,382.45,374.3,374.65,32526,INR
2017-04-04,374.4,377.2,374.4,376.65,14845,INR
2017-04-05,377.95,386.95,377.95,386.15,38970,INR
2017-04-06,385.2,385.4,378.8,380.6,34315,INR
2017-04-07,379.0,379.4,370.75,375.85,39225,INR
2017-04-10,373.9,375.9,371.5,372.45,26968,INR
2017-04-11,373.4,374.4,369.4,373.25,33179,INR
2017-04-12,372.45,372.5,363.05,363.7,39531,INR
2017-04-13,365.45,368.05,364.6,366.15,27313,INR
2017-04-17,366.35,372.0,366.0,370.1,21721,INR
2017-04-18,369.25,369.25,359.35,361.15,35097,INR
2017-04-19,362.9,365.3,356.55,361.25,38212,INR
2017-04-20,361.0,364.8,357.75,364.15,35587,INR
2017-04-21,364.0,365.9,360.7,362.95,28263,INR
2017-04-24,363.8,364.95,361.15,363.75,20809,INR
2017-04-25,364.0,367.2,363.7,366.3,24413,INR
2017-04-26,365.8,367.2,363.85,366.8,23202,INR
2017-04-27,366.0,366.2,361.55,365.25,20944,INR
2017-04-28,364.1,368.45,364.1,367.45,19206,INR
2017-05-01,372.15,384.7,371.5,380.6,18074,INR
2017-05-02,379.0,379.0,374.2,376.1,17702,INR
2017-05-03,375.1,375.1,361.95,362.25,34196,INR
2017-05-04,364.4,364.4,355.7,358.5,28696,INR
2017-05-05,356.4,361.9,356.4,361.45,25084,INR
2017-05-08,360.0,360.0,353.8,356.65,23997,INR
2017-05-09,356.2,361.7,355.6,359.1,20300,INR
2017-05-10,359.6,360.4,356.7,358.0,20031,INR
2017-05-11,358.05,364.95,358.0,358.85,28181,INR
2017-05-12,359.0,360.9,358.0,359.8,19424,INR
2017-05-15,360.0,363.7,360.0,361.6,20023,INR
2017-05-16,361.4,362.8,359.0,362.45,19902,INR
2017-05-17,363.7,364.45,360.2,363.1,23870,INR
2017-05-18,362.25,365.8,356.8,364.6,37125,INR
2017-05-19,365.7,370.2,364.5,369.55,27572,INR
2017-05-22,368.15,371.8,367.6,371.55,18917,INR
2017-05-23,370.65,374.0,369.25,373.6,21498,INR
2017-05-24,372.5,372.7,367.7,371.4,27650,INR
2017-05-25,370.4,374.4,368.15,371.65,24885,INR
2017-05-26,371.2,372.6,365.5,367.35,26166,INR
2017-05-29,366.5,370.9,364.2,367.6,12748,INR
2017-05-30,367.5,367.75,363.65,367.1,23462,INR
2017-05-31,367.8,369.45,365.15,368.75,24293,INR
2017-06-01,368.3,369.9,365.9,368.75,24298,INR
2017-06-02,367.4,367.8,360.75,367.0,34972,INR
2017-06-05,366.5,366.5,361.85,364.85,23698,INR
2017-06-06,365.0,365.35,358.8,363.25,36349,INR
2017-06-07,362.65,364.35,361.25,363.8,28464,INR
2017-06-08,364.0,371.05,363.9,370.9,40341,INR
2017-06-09,370.1,377.35,369.5,377.15,34993,INR
2017-06-12,375.8,376.25,372.3,373.0,26966,INR
2017-06-13,372.4,374.0,367.35,369.65,26978,INR
2017-06-14,369.0,370.65,363.25,363.85,29410,INR
2017-06-15,365.7,367.35,364.3,367.0,23703,INR
2017-06-16,367.5,368.15,364.3,365.45,21071,INR
2017-06-19,365.0,369.85,364.3,368.9,21423,INR
2017-06-20,368.5,369.2,363.65,365.15,25624,INR
2017-06-21,365.2,372.1,362.7,370.25,32386,INR
2017-06-22,369.05,372.65,366.75,370.6,28116,INR
2017-06-23,370.4,377.35,369.5,373.8,30625,INR
2017-06-26,373.8,375.0,371.95,373.3,8684,INR
2017-06-27,372.15,378.0,372.15,376.7,21587,INR
2017-06-28,376.0,379.25,375.6,378.8,23968,INR
2017-06-29,379.4,385.85,379.4,383.85,28270,INR
2017-06-30,384.0,385.85,381.6,385.25,15850,INR
2017-07-03,388.1,390.0,386.7,387.8,23214,INR
2017-07-04,387.2,387.2,383.85,385.85,20088,INR
2017-07-05,386.0,386.3,381.05,382.4,26157,INR
2017-07-06,382.05,383.9,380.9,382.35,23517,INR
2017-07-07,382.0,383.35,379.0,380.1,23472,INR
2017-07-10,381.5,381.5,376.5,379.25,19323,INR
2017-07-11,378.8,383.35,374.0,382.6,23783,INR
2017-07-12,382.0,385.8,382.0,383.25,23480,INR
2017-07-13,384.0,385.2,380.55,380.85,20350,INR
2017-07-14,381.9,384.2,380.55,383.65,21250,INR
2017-07-17,384.5,391.0,384.5,389.3,27310,INR
2017-07-18,389.0,389.8,386.65,388.95,21334,INR
2017-07-19,388.3,389.95,385.7,386.25,22019,INR
2017-07-20,386.9,388.35,385.05,387.25,19926,INR
2017-07-21,387.25,391.8,387.0,389.05,26482,INR
2017-07-24,389.0,390.85,387.6,390.6,18481,INR
2017-07-25,391.0,406.9,390.1,405.95,46748,INR
2017-07-26,406.5,414.25,405.55,408.15,45054,INR
2017-07-27,409.5,411.2,407.05,408.0,24631,INR
2017-07-28,407.0,409.25,403.55,408.9,29990,INR
2017-07-31,408.0,413.7,408.0,410.65,23996,INR
2017-08-01,410.0,410.95,406.1,407.85,26440,INR
2017-08-02,407.65,407.65,404.25,405.65,21174,INR
2017-08-03,406.5,407.1,402.55,405.55,24389,INR
2017-08-04,405.25,408.3,403.75,406.75,23907,INR
2017-08-07,405.95,412.4,405.0,410.5,23516,INR
2017-08-08,409.7,414.85,407.7,414.05,28269,INR
2017-08-09,413.5,416.75,412.0,413.55,26965,INR
2017-08-10,413.8,414.9,409.9,411.55,26271,INR
2017-08-11,410.8,412.9,407.3,412.3,26319,INR
2017-08-14,411.45,411.45,409.0,411.05,19273,INR
2017-08-16,410.5,422.15,409.35,419.0,34653,INR
2017-08-17,418.6,420.65,414.7,415.7,23020,INR
2017-08-18,415.0,418.85,413.6,415.4,28719,INR
2017-08-21,416.3,424.55,416.3,421.85,36536,INR
2017-08-22,422.1,426.8,420.35,422.05,31881,INR
2017-08-23,423.0,423.15,419.1,421.55,25149,INR
2017-08-24,423.0,430.1,422.3,428.6,31251,INR
2017-08-25,429.0,431.0,425.4,427.55,16719,INR
2017-08-28,428.3,434.4,428.3,431.05,22740,INR
2017-08-29,431.5,436.3,430.95,434.05,25904,INR
2017-08-30,434.0,435.9,431.55,432.6,22306,INR
2017-08-31,433.15,438.5,433.15,434.55,16895,INR
2017-09-01,440.7,442.3,438.1,442.0,23509,INR
2017-09-04,443.65,449.0,443.6,448.3,19792,INR
2017-09-05,448.8,451.3,442.8,444.85,30221,INR
2017-09-06,446.0,448.7,444.6,447.7,29537,INR
2017-09-07,447.3,447.3,441.5,446.0,32112,INR
2017-09-08,444.05,446.6,430.3,431.1,46983,INR
2017-09-11,432.45,436.85,431.7,435.15,24897,INR
2017-09-12,434.0,434.85,428.75,430.85,29183,INR
2017-09-13,430.15,430.15,422.05,424.2,32377,INR
2017-09-14,424.3,424.3,417.8,421.4,37620,INR
2017-09-15,420.65,422.5,417.6,420.1,33510,INR
2017-09-18,421.45,425.2,421.05,422.7,27127,INR
2017-09-19,423.3,425.6,421.7,423.8,25322,INR
2017-09-20,424.5,427.35,422.2,424.05,27280,INR
2017-09-21,423.75,425.55,418.2,422.7,34755,INR
2017-09-22,420.3,424.0,417.25,423.6,29846,INR
2017-09-25,422.65,425.4,422.1,425.15,19850,INR
2017-09-26,425.75,429.7,422.15,423.55,27155,INR
2017-09-27,424.7,429.6,424.2,425.95,27761,INR
2017-09-28,425.05,433.4,424.1,431.75,31763,INR
2017-09-29,431.5,433.4,426.8,427.95,25475,INR
2017-10-03,427.0,431.7,425.25,429.95,24156,INR
2017-10-04,429.8,430.2,425.3,426.7,22645,INR
2017-10-05,426.95,439.9,426.85,439.65,41956,INR
2017-10-06,439.6,442.15,438.3,438.9,28870,INR
2017-10-09,438.5,439.8,437.1,439.4,17713,INR
2017-10-10,439.95,443.4,438.1,443.0,26433,INR
2017-10-11,442.1,447.25,441.1,447.0,31233,INR
2017-10-12,446.35,451.2,445.5,449.5,27396,INR
2017-10-13,448.5,450.7,446.5,447.95,26025,INR
2017-10-16,448.25,466.2,448.25,463.7,56156,INR
2017-10-17,463.6,464.15,458.2,459.05,27958,INR
2017-10-18,458.8,463.6,455.25,456.75,138786,INR
2017-10-19,456.1,456.1,452.85,453.6,5738,INR
2017-10-20,453.6,459.6,452.0,455.45,16130,INR
2017-10-23,455.4,458.15,453.4,457.9,21131,INR
2017-10-24,457.95,465.05,457.95,461.1,31500,INR
2017-10-25,460.2,460.2,453.4,456.35,27879,INR
2017-10-26,456.0,457.9,452.7,456.95,24979,INR
2017-10-27,454.1,454.1,442.8,445.75,38371,INR
2017-10-30,445.0,447.1,443.35,446.15,19517,INR
2017-10-31,445.0,448.95,442.85,444.6,27294,INR
2017-11-01,445.6,454.25,445.6,447.5,35796,INR
2017-11-02,448.8,452.0,445.3,447.95,31263,INR
2017-11-03,448.9,450.4,444.35,445.8,27234,INR
2017-11-06,446.5,453.4,446.5,450.95,24996,INR
2017-11-07,450.25,452.8,444.3,445.25,32819,INR
2017-11-08,445.6,446.5,441.2,445.1,29850,INR
2017-11-09,446.85,447.25,439.25,444.4,30175,INR
2017-11-10,444.1,447.4,443.0,444.4,24803,INR
2017-11-13,445.0,453.35,444.1,450.9,34103,INR
2017-11-14,450.1,452.2,441.1,442.65,34582,INR
2017-11-15,442.0,442.4,438.2,441.1,32460,INR
2017-11-16,442.05,443.8,437.6,439.25,28906,INR
2017-11-17,438.0,440.25,435.55,440.0,23836,INR
2017-11-20,438.9,444.6,438.25,444.4,28270,INR
2017-11-21,444.0,448.2,442.65,447.15,24489,INR
2017-11-22,447.2,449.5,446.6,448.35,23620,INR
2017-11-23,449.0,449.8,446.0,448.85,20512,INR
2017-11-24,449.5,452.35,449.25,452.05,23957,INR
2017-11-27,450.5,451.7,443.5,445.85,27774,INR
2017-11-28,444.8,444.8,436.1,436.45,26455,INR
2017-11-29,438.35,438.4,431.25,432.15,24886,INR
2017-11-30,433.15,435.25,430.7,432.5,15721,INR
2017-12-01,440.3,448.2,440.3,444.3,25549,INR
2017-12-04,445.75,446.65,442.3,442.8,20094,INR
2017-12-05,443.0,443.0,423.0,423.7,44059,INR
2017-12-06,424.9,429.5,424.7,426.5,25975,INR
2017-12-07,427.05,430.55,424.4,426.3,26921,INR
2017-12-08,428.0,429.65,425.25,427.75,18825,INR
2017-12-11,427.0,432.8,425.0,431.75,22492,INR
2017-12-12,431.7,435.45,431.2,434.5,20201,INR
2017-12-13,433.85,438.2,433.05,437.25,19653,INR
2017-12-14,437.0,441.0,434.0,439.35,26735,INR
2017-12-15,439.8,446.2,437.3,445.85,30210,INR
2017-12-18,445.75,448.5,443.65,448.2,22033,INR
2017-12-19,446.1,449.0,443.75,448.45,23992,INR
2017-12-20,447.5,455.8,446.8,453.95,32592,INR
2017-12-21,454.0,457.0,451.7,456.75,34046,INR
2017-12-22,456.0,460.2,454.1,459.95,23492,INR
2017-12-26,460.0,467.5,459.65,464.85,22331,INR
2017-12-27,463.35,467.8,461.35,466.25,28692,INR
2017-12-28,466.2,471.5,466.2,468.95,29666,INR
2017-12-29,468.8,469.4,461.4,465.95,32464,INR
2018-01-01,465.05,468.05,464.0,465.05,5843,INR
2018-01-02,463.4,465.2,458.55,460.3,30108,INR
2018-01-03,459.0,459.35,455.05,457.5,25704,INR
2018-01-04,457.0,462.85,456.6,457.75,29734,INR
2018-01-05,459.0,459.6,452.25,452.5,27282,INR
2018-01-08,452.5,456.0,450.7,453.85,24011,INR
2018-01-09,454.35,458.5,453.0,453.75,27019,INR
2018-01-10,454.35,461.4,454.35,457.2,32143,INR
2018-01-11,458.5,459.6,452.55,456.15,29404,INR
2018-01-12,456.25,458.0,452.7,453.05,23936,INR
2018-01-15,453.35,462.35,453.35,458.85,23785,INR
2018-01-16,458.8,460.05,452.0,456.4,32193,INR
2018-01-17,456.4,456.4,449.5,450.75,31693,INR
2018-01-18,451.8,454.3,451.1,452.75,24849,INR
2018-01-19,452.05,455.95,450.0,450.3,33126,INR
2018-01-22,451.5,454.75,451.2,452.6,24016,INR
2018-01-23,452.75,453.35,439.45,440.0,51548,INR
2018-01-24,442.0,456.35,441.4,454.15,51029,INR
2018-01-25,454.25,458.55,451.5,451.85,27060,INR
2018-01-29,453.0,455.4,450.15,450.65,26010,INR
2018-01-30,450.0,451.6,445.3,450.45,28998,INR
2018-01-31,451.5,454.95,450.3,450.9,27824,INR
2018-02-01,452.5,455.35,449.5,454.75,30539,INR
2018-02-02,455.2,460.65,450.05,452.75,36815,INR
2018-02-05,452.0,461.8,451.45,456.35,34067,INR
2018-02-06,455.6,456.85,451.25,452.9,39383,INR
2018-02-07,453.75,456.5,439.5,440.2,47722,INR
2018-02-08,441.95,442.4,435.6,440.15,41079,INR
2018-02-09,438.1,438.5,432.35,432.85,33545,INR
2018-02-12,434.9,440.3,434.9,438.6,25388,INR
2018-02-13,439.5,450.8,439.5,449.4,23458,INR
2018-02-14,447.5,458.1,445.7,457.65,45680,INR
2018-02-15,458.95,458.95,453.65,458.1,29772,INR
2018-02-16,458.8,464.0,458.1,461.55,31057,INR
2018-02-19,461.0,462.2,455.5,457.3,26569,INR
2018-02-20,455.7,459.4,454.45,457.3,24220,INR
2018-02-21,455.5,460.95,453.3,460.3,25914,INR
2018-02-22,457.05,465.15,453.4,464.7,34296,INR
2018-02-23,462.0,462.6,457.0,459.7,27598,INR
2018-02-26,460.05,462.25,456.65,457.75,23755,INR
2018-02-27,457.6,459.85,451.0,454.2,26218,INR
2018-02-28,452.65,452.65,445.75,445.95,16520,INR
2018-03-01,455.4,455.6,449.1,452.25,33345,INR
2018-03-02,453.15,454.8,450.8,452.75,12974,INR
2018-03-05,451.7,452.95,448.4,452.3,26337,INR
2018-03-06,451.65,457.3,451.65,454.85,29378,INR
2018-03-07,454.2,455.0,449.5,452.0,29550,INR
2018-03-08,452.0,452.3,444.35,445.3,32397,INR
2018-03-09,445.3,454.0,442.5,452.5,41554,INR
2018-03-12,452.3,453.4,448.7,450.2,29290,INR
2018-03-13,450.5,451.55,447.6,450.9,30857,INR
2018-03-14,451.9,458.5,451.9,454.2,40807,INR
2018-03-15,454.5,454.55,448.55,450.95,28403,INR
2018-03-16,449.8,453.4,446.4,448.5,33009,INR
2018-03-19,448.25,449.2,442.6,446.65,37612,INR
2018-03-20,447.5,447.85,439.75,441.25,36293,INR
2018-03-21,441.4,444.4,437.7,443.55,41070,INR
2018-03-22,444.1,446.2,435.55,438.9,41853,INR
2018-03-23,438.65,438.65,431.65,433.35,42810,INR
2018-03-26,431.5,431.85,425.1,428.7,42404,INR
2018-03-27,429.5,433.9,429.2,430.75,32482,INR
2018-03-28,430.75,434.6,428.8,433.45,33942,INR
2018-03-29,434.95,439.45,434.95,436.8,21572,INR
2018-04-02,438.4,441.9,438.2,439.2,31092,INR
2018-04-03,440.85,442.25,438.5,440.4,27143,INR
2018-04-04,440.5,440.5,428.4,433.6,55791,INR
2018-04-05,434.85,443.5,433.75,439.95,47473,INR
2018-04-06,439.6,439.6,435.2,438.25,34481,INR
2018-04-09,438.4,442.75,437.65,442.2,29999,INR
2018-04-10,442.8,451.0,442.8,450.75,32007,INR
2018-04-11,449.3,453.7,447.05,448.6,35156,INR
2018-04-12,448.95,448.95,439.4,442.15,37286,INR
2018-04-13,441.1,445.65,441.1,442.75,25663,INR
2018-04-16,443.05,450.7,442.0,447.05,30861,INR
2018-04-17,447.5,449.35,443.6,447.3,26503,INR
2018-04-18,447.3,461.1,446.65,459.05,34935,INR
2018-04-19,460.0,464.0,453.5,456.95,35335,INR
2018-04-20,456.85,460.5,453.2,458.7,26391,INR
2018-04-23,461.2,462.55,451.7,456.95,30190,INR
2018-04-24,458.0,464.4,456.45,459.75,31639,INR
2018-04-25,460.6,465.4,459.15,463.05,30817,INR
2018-04-26,462.0,462.0,455.35,460.35,29972,INR
2018-04-27,459.0,459.15,446.25,448.4,34293,INR
2018-04-30,450.0,451.7,447.2,449.1,13363,INR
2018-05-01,452.0,455.7,449.0,451.4,16378,INR
2018-05-02,452.3,457.2,452.3,455.45,25764,INR
2018-05-03,454.5,461.0,453.3,457.65,38104,INR
2018-05-04,458.25,459.9,453.55,457.45,28920,INR
2018-05-07,458.4,462.85,457.2,459.2,25940,INR
2018-05-08,460.25,460.85,449.35,456.25,45067,INR
2018-05-09,457.1,458.5,455.2,457.85,26753,INR
2018-05-10,458.5,464.9,456.4,462.95,43475,INR
2018-05-11,462.7,466.55,462.3,465.0,30813,INR
2018-05-14,465.35,466.85,461.1,463.7,32098,INR
2018-05-15,463.0,467.75,460.15,462.9,42250,INR
2018-05-16,462.0,462.4,458.8,461.8,28978,INR
2018-05-17,462.2,465.4,461.15,463.8,33966,INR
2018-05-18,464.5,465.75,461.15,462.15,34943,INR
2018-05-21,463.2,469.4,463.2,467.85,37620,INR
2018-05-22,466.5,474.35,465.5,472.0,41650,INR
2018-05-23,471.45,471.9,462.8,465.2,43617,INR
2018-05-24,465.4,469.5,464.45,469.05,29967,INR
2018-05-25,468.7,470.0,461.05,461.75,33465,INR
2018-05-28,461.25,462.2,453.5,459.25,32502,INR
2018-05-29,460.25,467.5,460.25,460.7,50299,INR
2018-05-30,460.25,460.25,451.0,458.8,51842,INR
2018-05-31,458.05,461.8,454.8,457.05,41872,INR
2018-06-01,456.7,459.2,454.6,458.8,34726,INR
2018-06-04,459.25,465.7,458.5,465.25,38461,INR
2018-06-05,465.0,475.2,464.25,474.8,44559,INR
2018-06-06,474.1,482.45,473.1,481.25,48641,INR
2018-06-07,483.55,493.4,482.55,487.7,58497,INR
2018-06-08,487.2,493.0,484.7,491.25,46947,INR
2018-06-11,490.05,490.05,484.0,485.0,39329,INR
2018-06-12,484.8,486.65,482.15,484.6,33715,INR
2018-06-13,483.3,487.2,481.65,485.05,33977,INR
2018-06-14,484.0,485.3,480.4,481.55,33836,INR
2018-06-15,482.35,483.1,472.5,473.85,43343,INR
2018-06-18,472.6,473.8,466.25,468.7,33937,INR
2018-06-19,469.1,469.1,458.15,458.45,43210,INR
2018-06-20,458.8,461.0,454.7,457.75,34999,INR
2018-06-21,457.6,458.9,452.45,453.95,33749,INR
2018-06-22,452.5,456.4,451.9,454.2,26230,INR
2018-06-25,455.0,456.35,448.3,448.7,26585,INR
2018-06-26,449.7,452.3,448.75,451.85,22925,INR
2018-06-27,450.8,455.5,448.75,453.75,30945,INR
2018-06-28,454.4,454.4,445.7,448.2,25849,INR
2018-06-29,449.7,450.5,445.3,446.1,15180,INR
2018-07-02,452.5,452.8,447.5,450.7,26646,INR
2018-07-03,451.4,453.2,444.2,445.75,31420,INR
2018-07-04,446.0,448.2,434.35,437.8,40734,INR
2018-07-05,438.0,441.2,432.7,433.55,40197,INR
2018-07-06,433.0,434.7,427.65,431.55,45836,INR
2018-07-09,433.5,438.95,433.5,436.65,34166,INR
2018-07-10,437.6,438.5,431.2,433.1,33573,INR
2018-07-11,432.0,432.0,416.8,420.15,41173,INR
2018-07-12,421.8,425.7,420.1,421.85,39071,INR
2018-07-13,422.3,424.0,418.95,422.75,31746,INR
2018-07-16,423.4,424.0,419.1,421.45,26648,INR
2018-07-17,423.75,425.45,417.1,417.85,41706,INR
2018-07-18,419.0,421.3,414.2,420.7,42876,INR
2018-07-19,420.45,421.4,409.2,414.2,54617,INR
2018-07-20,412.0,421.45,411.0,420.45,48598,INR
2018-07-23,419.5,424.0,418.75,420.1,35810,INR
2018-07-24,421.0,433.9,420.9,429.05,49901,INR
2018-07-25,428.1,432.3,426.8,430.1,38012,INR
2018-07-26,431.7,432.9,427.5,428.9,35448,INR
2018-07-27,429.0,431.45,424.0,425.85,33327,INR
2018-07-30,425.5,426.65,421.2,425.4,36136,INR
2018-07-31,425.7,431.0,421.7,430.2,53083,INR
2018-08-01,429.2,429.2,413.4,414.95,59400,INR
2018-08-02,415.6,418.35,412.4,416.85,50303,INR
2018-08-03,415.75,422.25,413.4,419.1,48339,INR
2018-08-06,418.2,418.2,413.3,415.5,36612,INR
2018-08-07,417.5,420.65,416.6,418.2,38947,INR
2018-08-08,418.8,421.5,416.4,418.0,41618,INR
2018-08-09,418.45,427.75,418.45,421.2,50054,INR
2018-08-10,421.8,422.65,417.05,419.65,37277,INR
2018-08-13,419.2,425.9,418.5,423.65,43968,INR
2018-08-14,422.55,422.9,415.3,416.1,40515,INR
2018-08-16,415.0,415.0,402.45,405.45,52055,INR
2018-08-17,406.15,409.0,403.75,407.7,43853,INR
2018-08-20,409.0,413.8,408.35,412.15,35904,INR
2018-08-21,412.65,418.5,412.0,416.1,35608,INR
2018-08-22,416.0,416.0,411.65,412.3,18574,INR
2018-08-23,411.5,412.5,405.35,410.8,42464,INR
2018-08-24,412.9,418.75,412.2,416.3,41060,INR
2018-08-27,417.4,420.7,417.4,418.5,28124,INR
2018-08-28,419.15,424.95,417.1,423.25,42985,INR
2018-08-29,424.05,425.25,420.45,421.95,32574,INR
2018-08-30,422.15,423.2,417.35,422.15,39767,INR
2018-08-31,421.1,421.45,412.6,413.8,25077,INR
2018-09-03,423.0,425.7,421.0,423.9,27901,INR
2018-09-04,423.0,424.5,414.3,415.8,40868,INR
2018-09-05,415.15,420.35,415.15,419.65,33891,INR
2018-09-06,420.0,429.4,420.0,424.45,49120,INR
2018-09-07,424.0,426.5,419.0,422.55,49201,INR
2018-09-10,424.0,427.5,421.8,426.85,39692,INR
2018-09-11,428.0,430.9,421.1,425.55,58312,INR
2018-09-12,426.0,431.4,422.3,429.8,68975,INR
2018-09-13,431.0,434.4,428.15,428.8,32549,INR
2018-09-14,428.6,432.4,423.1,424.05,51725,INR
2018-09-17,424.5,430.15,424.15,429.65,47908,INR
2018-09-18,428.85,444.4,427.5,442.1,81792,INR
2018-09-19,443.0,445.45,437.2,437.6,50162,INR
2018-09-20,437.1,439.2,434.95,438.85,21578,INR
2018-09-21,439.8,461.35,439.8,458.25,73803,INR
2018-09-24,456.55,463.0,456.55,459.25,46979,INR
2018-09-25,458.6,460.4,453.4,457.35,42336,INR
2018-09-26,459.7,459.7,455.3,456.6,31651,INR
2018-09-27,455.5,455.5,446.1,448.4,44696,INR
2018-09-28,450.0,453.9,446.75,452.9,37667,INR
2018-10-01,451.9,456.75,446.9,454.95,47032,INR
2018-10-03,456.85,465.9,455.8,464.65,41028,INR
2018-10-04,463.85,469.3,455.6,457.2,46163,INR
2018-10-05,457.0,459.7,452.15,456.55,44092,INR
2018-10-08,454.45,457.95,451.8,456.1,38040,INR
2018-10-09,457.6,463.5,454.85,463.2,49886,INR
2018-10-10,462.5,464.0,458.15,458.65,44308,INR
2018-10-11,458.25,461.25,447.45,459.3,62277,INR
2018-10-12,458.3,462.85,456.9,459.55,46497,INR
2018-10-15,459.0,464.7,456.5,457.15,46119,INR
2018-10-16,456.4,456.4,451.2,452.55,37989,INR
2018-10-17,451.1,457.05,449.45,452.6,50663,INR
2018-10-18,451.25,451.25,445.6,447.85,23042,INR
2018-10-19,447.8,453.7,447.15,453.0,39621,INR
2018-10-22,454.0,460.4,454.0,454.7,46736,INR
2018-10-23,454.5,454.5,447.6,449.15,45210,INR
2018-10-24,450.4,453.9,447.05,447.9,38896,INR
2018-10-25,446.5,449.9,441.7,447.85,49114,INR
2018-10-26,446.35,446.35,440.6,444.7,45474,INR
2018-10-29,446.1,451.15,444.1,445.4,42985,INR
2018-10-30,445.0,445.6,434.25,434.65,47883,INR
2018-10-31,435.75,439.4,434.5,435.7,39149,INR
2018-11-01,437.6,441.35,432.5,440.7,44816,INR
2018-11-02,438.4,452.45,437.35,451.25,83133,INR
2018-11-05,451.25,451.95,443.35,444.55,40451,INR
2018-11-06,445.05,447.75,441.3,441.6,33717,INR
2018-11-07,442.6,443.25,442.1,442.55,2716,INR
2018-11-08,442.0,442.0,433.1,439.05,20690,INR
2018-11-09,438.1,438.2,429.55,431.2,35770,INR
2018-11-12,434.0,435.5,431.35,431.65,28403,INR
2018-11-13,432.0,441.45,428.5,430.1,56610,INR
2018-11-14,428.4,434.4,426.0,432.45,39567,INR
2018-11-15,434.5,439.3,432.7,436.75,42498,INR
2018-11-16,437.45,444.2,434.2,442.95,39871,INR
2018-11-19,442.0,443.0,438.05,441.4,39289,INR
2018-11-20,440.25,448.5,434.9,435.7,59541,INR
2018-11-21,436.1,440.85,435.25,438.55,36888,INR
2018-11-22,438.0,439.8,434.5,436.6,31685,INR
2018-11-23,434.25,434.25,428.7,429.9,21552,INR
2018-11-26,428.05,433.8,428.05,430.45,36137,INR
2018-11-27,433.9,433.9,423.9,424.75,43335,INR
2018-11-28,425.8,435.7,425.05,434.9,41838,INR
2018-11-29,433.25,433.5,424.15,426.35,34660,INR
2018-11-30,427.75,429.1,423.3,426.65,19808,INR
2018-12-03,435.5,447.4,435.5,441.55,44516,INR
2018-12-04,441.3,443.95,433.2,434.5,48415,INR
2018-12-05,434.8,437.7,432.2,437.2,34563,INR
2018-12-06,435.1,435.15,428.15,431.6,38758,INR
2018-12-07,432.4,439.0,432.35,438.35,36617,INR
2018-12-10,437.0,444.5,434.4,440.6,38589,INR
2018-12-11,441.25,447.75,437.15,446.0,44000,INR
2018-12-12,446.0,446.0,442.0,442.85,36792,INR
2018-12-13,443.8,447.2,441.0,441.3,38262,INR
2018-12-14,440.85,442.8,437.2,441.75,35992,INR
2018-12-17,441.0,441.05,434.05,438.75,39219,INR
2018-12-18,437.8,437.8,416.8,417.45,60164,INR
2018-12-19,419.3,425.45,417.7,424.65,37743,INR
2018-12-20,421.7,421.7,416.15,419.4,40129,INR
2018-12-21,419.1,422.7,416.8,417.35,35384,INR
2018-12-24,418.5,419.5,413.65,415.25,31137,INR
2018-12-26,413.85,424.5,411.85,421.15,42718,INR
2018-12-27,421.15,423.15,415.25,416.2,32431,INR
2018-12-28,418.3,425.0,416.6,417.35,45080,INR
2018-12-31,418.9,420.35,407.05,407.75,42398,INR
2019-01-01,408.6,409.4,406.85,407.75,8659,INR
2019-01-02,408.2,412.45,404.65,407.75,53657,INR
2019-01-03,407.7,409.95,397.4,400.35,57672,INR
2019-01-04,401.4,409.9,401.4,409.55,61120,INR
2019-01-07,409.0,411.7,405.6,409.85,41132,INR
2019-01-08,409.2,414.2,408.65,413.35,42373,INR
2019-01-09,414.35,421.15,414.35,417.25,47640,INR
2019-01-10,417.95,418.85,411.8,412.4,40800,INR
2019-01-11,413.8,417.7,413.0,415.9,38343,INR
2019-01-14,414.0,415.0,411.7,414.2,33620,INR
2019-01-15,415.0,419.3,415.0,416.55,34040,INR
2019-01-16,417.4,423.3,417.4,421.5,40097,INR
2019-01-17,422.0,424.2,419.8,423.25,37205,INR
2019-01-18,424.2,430.7,424.2,429.35,52609,INR
2019-01-21,430.75,430.75,422.0,422.65,36458,INR
2019-01-22,422.85,424.5,419.3,420.2,33607,INR
2019-01-23,421.9,423.3,418.7,419.3,32718,INR
2019-01-24,419.6,420.7,415.4,416.7,33700,INR
2019-01-25,418.6,428.85,417.8,428.45,48559,INR
2019-01-28,427.1,429.35,421.8,422.55,32318,INR
2019-01-29,423.55,431.5,423.45,430.7,37052,INR
2019-01-30,431.4,438.4,429.75,436.7,40758,INR
2019-01-31,435.5,439.9,435.5,437.6,34940,INR
2019-02-01,436.05,439.8,434.55,438.75,32198,INR
2019-02-04,438.75,444.8,437.15,444.05,34964,INR
2019-02-05,445.0,447.9,444.15,445.85,31353,INR
2019-02-06,447.25,451.2,446.55,449.2,36750,INR
2019-02-07,448.7,450.35,445.8,446.3,38249,INR
2019-02-08,445.6,447.0,442.4,442.7,33310,INR
2019-02-11,442.25,442.25,437.5,439.3,27240,INR
2019-02-12,438.1,439.6,430.7,432.6,31904,INR
2019-02-13,433.1,436.0,432.25,434.75,27299,INR
2019-02-14,434.8,440.2,433.6,435.05,35698,INR
2019-02-15,434.5,443.5,433.8,441.95,39683,INR
2019-02-18,441.9,448.9,441.9,447.7,28714,INR
2019-02-19,448.1,452.8,445.8,452.5,39018,INR
2019-02-20,453.0,458.3,451.25,458.0,34762,INR
2019-02-21,456.1,457.5,453.6,455.35,29562,INR
2019-02-22,455.45,463.7,454.8,462.25,37573,INR
2019-02-25,462.05,466.6,459.5,460.15,34965,INR
2019-02-26,459.7,463.3,459.7,460.7,27905,INR
2019-02-27,461.35,465.7,459.45,464.6,31418,INR
2019-02-28,463.5,465.45,462.1,462.8,19275,INR
2019-03-01,463.3,468.45,462.0,462.7,39031,INR
2019-03-04,462.15,462.15,452.5,458.8,19968,INR
2019-03-05,460.9,462.45,459.05,460.35,28278,INR
2019-03-06,460.0,460.3,454.55,455.0,31760,INR
2019-03-07,455.0,455.25,451.55,454.05,34713,INR
2019-03-08,453.5,453.5,447.75,450.1,37512,INR
2019-03-11,451.0,451.7,448.65,450.0,28785,INR
2019-03-12,451.0,456.95,450.85,452.75,37412,INR
2019-03-13,452.7,455.65,450.2,452.8,33429,INR
2019-03-14,452.0,452.65,443.75,445.2,43424,INR
2019-03-15,446.0,449.1,443.6,445.5,43583,INR
2019-03-18,446.15,447.15,442.5,443.3,34208,INR
2019-03-19,444.0,450.4,442.25,447.8,39169,INR
2019-03-20,447.0,447.4,444.4,446.0,28045,INR
2019-03-21,446.8,449.2,441.8,443.35,21538,INR
2019-03-22,442.5,444.65,436.5,437.45,42714,INR
2019-03-25,437.95,437.95,434.35,437.15,31111,INR
2019-03-26,436.0,439.2,435.2,438.25,29342,INR
2019-03-27,437.8,439.85,436.15,439.2,32694,INR
2019-03-28,439.0,443.4,437.8,441.4,34932,INR
2019-03-29,441.95,451.5,441.95,451.05,44855,INR
2019-04-01,452.0,455.2,447.35,449.25,32673,INR
2019-04-02,449.9,450.4,443.35,444.95,30055,INR
2019-04-03,445.5,448.35,444.15,447.15,35410,INR
2019-04-04,446.6,450.5,444.2,445.55,37114,INR
2019-04-05,445.8,447.75,442.4,443.15,31255,INR
2019-04-08,444.1,452.65,444.1,452.1,34790,INR
2019-04-09,452.95,455.35,449.6,449.85,35968,INR
2019-04-10,449.5,450.4,446.1,447.7,31551,INR
2019-04-11,447.3,447.3,440.8,441.6,30231,INR
2019-04-12,443.0,452.0,443.0,451.1,39495,INR
2019-04-15,450.0,451.25,447.7,450.5,27032,INR
2019-04-16,450.0,453.15,449.7,450.9,29876,INR
2019-04-17,452.1,459.0,452.1,455.1,28205,INR
2019-04-18,454.0,454.0,445.9,447.95,34533,INR
2019-04-22,449.4,450.9,445.35,446.65,25010,INR
2019-04-23,446.6,449.15,443.75,446.25,32726,INR
2019-04-24,446.15,451.4,444.7,450.55,33224,INR
2019-04-25,450.85,451.8,444.1,444.35,34411,INR
2019-04-26,445.55,447.6,443.2,444.95,31612,INR
2019-04-30,445.0,448.95,443.4,447.1,17104,INR
2019-05-01,449.0,449.0,434.3,435.5,37793,INR
2019-05-02,434.5,434.85,428.4,430.45,36029,INR
2019-05-03,431.9,435.45,428.15,434.3,41465,INR
2019-05-06,432.75,438.7,429.1,438.3,43047,INR
2019-05-07,437.0,438.0,429.35,430.4,48420,INR
2019-05-08,432.5,434.7,428.2,429.9,47024,INR
2019-05-09,429.9,432.85,426.35,432.15,41985,INR
2019-05-10,432.9,433.65,429.7,432.1,41508,INR
2019-05-13,431.0,431.0,425.8,426.75,36033,INR
2019-05-14,427.3,428.55,425.0,426.3,30111,INR
2019-05-15,426.5,429.55,425.1,428.75,35117,INR
2019-05-16,428.0,432.4,427.55,428.35,35292,INR
2019-05-17,428.0,428.6,424.45,428.25,39241,INR
2019-05-20,427.05,427.05,419.8,422.45,33395,INR
2019-05-21,423.1,424.7,419.0,419.9,38012,INR
2019-05-22,420.1,420.95,413.6,414.15,40250,INR
2019-05-23,413.5,415.85,410.65,415.45,31927,INR
2019-05-24,415.6,417.7,414.65,415.45,32130,INR
2019-05-27,415.5,418.8,415.5,418.35,19808,INR
2019-05-28,418.5,419.35,415.6,416.8,28896,INR
2019-05-29,416.05,416.4,412.0,413.2,30849,INR
2019-05-30,412.7,412.7,408.6,409.95,33236,INR
2019-05-31,410.5,411.0,406.65,406.95,39088,INR
2019-06-03,406.5,407.5,403.65,406.9,38649,INR
2019-06-04,405.8,410.85,405.3,410.55,35291,INR
2019-06-05,410.0,410.0,403.0,403.25,22154,INR
2019-06-06,403.3,406.7,403.05,406.05,35851,INR
2019-06-07,406.6,408.8,399.6,402.95,63055,INR
2019-06-10,404.0,410.6,404.0,410.3,40781,INR
2019-06-11,411.0,415.2,409.55,410.25,43315,INR
2019-06-12,409.75,409.85,405.4,407.4,42008,INR
2019-06-13,407.0,409.7,404.75,409.15,44337,INR
2019-06-14,409.05,409.45,406.15,406.5,32499,INR
2019-06-17,407.2,410.15,405.25,409.85,37241,INR
2019-06-18,409.5,417.0,408.55,415.9,49624,INR
2019-06-19,416.0,417.35,412.25,412.5,30232,INR
2019-06-20,414.0,419.85,414.0,416.8,41350,INR
2019-06-21,418.0,418.8,413.85,415.65,34176,INR
2019-06-24,416.6,416.8,412.25,414.85,30873,INR
2019-06-25,414.7,420.4,413.7,417.65,41861,INR
2019-06-26,418.0,420.4,413.3,416.05,39257,INR
2019-06-27,416.7,417.25,411.75,414.05,35023,INR
2019-06-28,415.0,415.45,406.9,410.5,20525,INR
