Date,Open,High,Low,Close,Currency
2015-02-20,29.05,29.05,29.05,29.05,USD
2015-02-23,29.03,29.03,29.03,29.03,USD
2015-02-24,29.08,29.08,29.08,29.08,USD
2015-02-25,29.14,29.14,29.14,29.14,USD
2015-02-26,29.13,29.13,29.13,29.13,USD
2015-02-27,29.03,29.03,29.03,29.03,USD
2015-03-02,29.26,29.26,29.26,29.26,USD
2015-03-03,29.07,29.07,29.07,29.07,USD
2015-03-04,28.99,28.99,28.99,28.99,USD
2015-03-05,29.1,29.1,29.1,29.1,USD
2015-03-06,28.71,28.71,28.71,28.71,USD
2015-03-09,28.75,28.75,28.75,28.75,USD
2015-03-10,28.31,28.31,28.31,28.31,USD
2015-03-11,28.3,28.3,28.3,28.3,USD
2015-03-12,28.52,28.52,28.52,28.52,USD
2015-03-13,28.4,28.4,28.4,28.4,USD
2015-03-16,28.76,28.76,28.76,28.76,USD
2015-03-17,28.69,28.69,28.69,28.69,USD
2015-03-18,29.02,29.02,29.02,29.02,USD
2015-03-19,28.96,28.96,28.96,28.96,USD
2015-03-20,29.14,29.14,29.14,29.14,USD
2015-03-23,29.05,29.05,29.05,29.05,USD
2015-03-24,28.93,28.93,28.93,28.93,USD
2015-03-25,28.48,28.48,28.48,28.48,USD
2015-03-26,28.49,28.49,28.49,28.49,USD
2015-03-27,28.64,28.64,28.64,28.64,USD
2015-03-30,28.92,28.92,28.92,28.92,USD
2015-03-31,28.67,28.67,28.67,28.67,USD
2015-04-01,28.54,28.54,28.54,28.54,USD
2015-04-02,28.65,28.65,28.65,28.65,USD
2015-04-06,28.84,28.84,28.84,28.84,USD
2015-04-07,28.88,28.88,28.88,28.88,USD
2015-04-08,29.05,29.05,29.05,29.05,USD
2015-04-09,29.21,29.21,29.21,29.21,USD
2015-04-10,29.28,29.28,29.28,29.28,USD
2015-04-13,29.2,29.2,29.2,29.2,USD
2015-04-14,29.22,29.22,29.22,29.22,USD
2015-04-15,29.37,29.37,29.37,29.37,USD
2015-04-16,29.44,29.44,29.44,29.44,USD
2015-04-17,29.2,29.2,29.2,29.2,USD
2015-04-20,29.38,29.38,29.38,29.38,USD
2015-04-21,29.42,29.42,29.42,29.42,USD
2015-04-22,29.54,29.54,29.54,29.54,USD
2015-04-23,29.6,29.6,29.6,29.6,USD
2015-04-24,29.55,29.55,29.55,29.55,USD
2015-04-27,29.41,29.41,29.41,29.41,USD
2015-04-28,29.44,29.44,29.44,29.44,USD
2015-04-29,29.39,29.39,29.39,29.39,USD
2015-04-30,29.08,29.08,29.08,29.08,USD
2015-05-01,29.37,29.37,29.37,29.37,USD
2015-05-04,29.44,29.44,29.44,29.44,USD
2015-05-05,29.1,29.1,29.1,29.1,USD
2015-05-06,29.02,29.02,29.02,29.02,USD
2015-05-07,29.11,29.11,29.11,29.11,USD
2015-05-08,29.43,29.43,29.43,29.43,USD
2015-05-11,29.35,29.35,29.35,29.35,USD
2015-05-12,29.28,29.28,29.28,29.28,USD
2015-05-13,29.3,29.3,29.3,29.3,USD
2015-05-14,29.61,29.61,29.61,29.61,USD
2015-05-15,29.69,29.69,29.69,29.69,USD
2015-05-18,29.81,29.81,29.81,29.81,USD
2015-05-19,29.75,29.75,29.75,29.75,USD
2015-05-20,29.79,29.79,29.79,29.79,USD
2015-05-21,29.9,29.9,29.9,29.9,USD
2015-05-22,29.86,29.86,29.86,29.86,USD
2015-05-26,29.53,29.53,29.53,29.53,USD
2015-05-27,29.81,29.81,29.81,29.81,USD
2015-05-28,29.73,29.73,29.73,29.73,USD
2015-05-29,29.63,29.63,29.63,29.63,USD
2015-06-01,29.67,29.67,29.67,29.67,USD
2015-06-02,29.71,29.71,29.71,29.71,USD
2015-06-04,29.56,29.56,29.56,29.56,USD
2015-06-05,29.61,29.61,29.61,29.61,USD
2015-06-08,29.41,29.41,29.41,29.41,USD
2015-06-09,29.44,29.44,29.44,29.44,USD
2015-06-10,29.83,29.83,29.83,29.83,USD
2015-06-11,29.87,29.87,29.87,29.87,USD
2015-06-12,29.68,29.68,29.68,29.68,USD
2015-06-15,29.59,29.59,29.59,29.59,USD
2015-06-16,29.72,29.72,29.72,29.72,USD
2015-06-17,29.74,29.74,29.74,29.74,USD
2015-06-18,30.05,30.05,30.05,30.05,USD
2015-06-19,28.95,28.95,28.95,28.95,USD
2015-06-22,29.14,29.14,29.14,29.14,USD
2015-06-23,29.16,29.16,29.16,29.16,USD
2015-06-24,28.9,28.9,28.9,28.9,USD
2015-06-25,28.84,28.84,28.84,28.84,USD
2015-06-26,28.77,28.77,28.77,28.77,USD
2015-06-29,28.18,28.18,28.18,28.18,USD
2015-06-30,28.27,28.27,28.27,28.27,USD
2015-07-01,28.37,28.37,28.37,28.37,USD
2015-07-02,28.35,28.35,28.35,28.35,USD
2015-07-06,28.2,28.2,28.2,28.2,USD
2015-07-07,28.28,28.28,28.28,28.28,USD
2015-07-08,27.79,27.79,27.79,27.79,USD
2015-07-09,27.93,27.93,27.93,27.93,USD
2015-07-10,28.22,28.22,28.22,28.22,USD
2015-07-13,28.51,28.51,28.51,28.51,USD
2015-07-14,28.69,28.69,28.69,28.69,USD
2015-07-15,28.58,28.58,28.58,28.58,USD
2015-07-16,28.8,28.8,28.8,28.8,USD
2015-07-17,28.83,28.83,28.83,28.83,USD
2015-07-20,28.77,28.77,28.77,28.77,USD
2015-07-21,28.7,28.7,28.7,28.7,USD
2015-07-22,28.61,28.61,28.61,28.61,USD
2015-07-23,28.53,28.53,28.53,28.53,USD
2015-07-24,28.2,28.2,28.2,28.2,USD
2015-07-27,27.99,27.99,27.99,27.99,USD
2015-07-28,28.37,28.37,28.37,28.37,USD
2015-07-29,28.53,28.53,28.53,28.53,USD
2015-07-30,28.57,28.57,28.57,28.57,USD
2015-07-31,28.58,28.58,28.58,28.58,USD
2015-08-03,28.46,28.46,28.46,28.46,USD
2015-08-04,28.44,28.44,28.44,28.44,USD
2015-08-05,28.57,28.57,28.57,28.57,USD
2015-08-06,28.28,28.28,28.28,28.28,USD
2015-08-07,28.19,28.19,28.19,28.19,USD
2015-08-10,28.63,28.63,28.63,28.63,USD
2015-08-11,28.37,28.37,28.37,28.37,USD
2015-08-12,28.38,28.38,28.38,28.38,USD
2015-08-13,28.33,28.33,28.33,28.33,USD
2015-08-14,28.36,28.36,28.36,28.36,USD
2015-08-17,28.56,28.56,28.56,28.56,USD
2015-08-18,28.45,28.45,28.45,28.45,USD
2015-08-19,28.19,28.19,28.19,28.19,USD
2015-08-20,27.52,27.52,27.52,27.52,USD
2015-08-21,26.74,26.74,26.74,26.74,USD
2015-08-24,25.82,25.82,25.82,25.82,USD
2015-08-25,25.65,25.65,25.65,25.65,USD
2015-08-26,26.49,26.49,26.49,26.49,USD
2015-08-27,27.13,27.13,27.13,27.13,USD
2015-08-28,27.2,27.2,27.2,27.2,USD
2015-08-31,26.97,26.97,26.97,26.97,USD
2015-09-01,26.24,26.24,26.24,26.24,USD
2015-09-02,26.65,26.65,26.65,26.65,USD
2015-09-03,26.65,26.65,26.65,26.65,USD
2015-09-04,26.33,26.33,26.33,26.33,USD
2015-09-08,26.9,26.9,26.9,26.9,USD
2015-09-09,26.62,26.62,26.62,26.62,USD
2015-09-10,26.74,26.74,26.74,26.74,USD
2015-09-11,26.74,26.74,26.74,26.74,USD
2015-09-14,26.58,26.58,26.58,26.58,USD
2015-09-15,26.89,26.89,26.89,26.89,USD
2015-09-16,27.15,27.15,27.15,27.15,USD
2015-09-17,27.13,27.13,27.13,27.13,USD
2015-09-18,26.71,26.71,26.71,26.71,USD
2015-09-21,26.68,26.68,26.68,26.68,USD
2015-09-22,26.35,26.35,26.35,26.35,USD
2015-09-23,26.24,26.24,26.24,26.24,USD
2015-09-24,26.13,26.13,26.13,26.13,USD
2015-09-25,25.99,25.99,25.99,25.99,USD
2015-09-28,25.31,25.31,25.31,25.31,USD
2015-09-29,25.38,25.38,25.38,25.38,USD
2015-09-30,25.89,25.89,25.89,25.89,USD
2015-10-01,25.95,25.95,25.95,25.95,USD
2015-10-02,26.38,26.38,26.38,26.38,USD
2015-10-05,26.77,26.77,26.77,26.77,USD
2015-10-06,26.63,26.63,26.63,26.63,USD
2015-10-07,26.88,26.88,26.88,26.88,USD
2015-10-08,27.1,27.1,27.1,27.1,USD
2015-10-09,27.12,27.12,27.12,27.12,USD
2015-10-12,27.11,27.11,27.11,27.11,USD
2015-10-13,26.84,26.84,26.84,26.84,USD
2015-10-14,26.79,26.79,26.79,26.79,USD
2015-10-15,27.13,27.13,27.13,27.13,USD
2015-10-16,27.14,27.14,27.14,27.14,USD
2015-10-19,27.16,27.16,27.16,27.16,USD
2015-10-20,27.12,27.12,27.12,27.12,USD
2015-10-21,26.86,26.86,26.86,26.86,USD
2015-10-22,27.2,27.2,27.2,27.2,USD
2015-10-23,27.52,27.52,27.52,27.52,USD
2015-10-26,27.45,27.45,27.45,27.45,USD
2015-10-27,27.39,27.39,27.39,27.39,USD
2015-10-28,27.77,27.77,27.77,27.77,USD
2015-10-29,27.67,27.67,27.67,27.67,USD
2015-10-30,27.71,27.71,27.71,27.71,USD
2015-11-02,28.02,28.02,28.02,28.02,USD
2015-11-03,28.11,28.11,28.11,28.11,USD
2015-11-04,28.05,28.05,28.05,28.05,USD
2015-11-05,28.02,28.02,28.02,28.02,USD
2015-11-06,28.11,28.11,28.11,28.11,USD
2015-11-09,27.88,27.88,27.88,27.88,USD
2015-11-10,27.87,27.87,27.87,27.87,USD
2015-11-11,27.7,27.7,27.7,27.7,USD
2015-11-12,27.29,27.29,27.29,27.29,USD
2015-11-13,27.06,27.06,27.06,27.06,USD
2015-11-16,27.45,27.45,27.45,27.45,USD
2015-11-17,27.47,27.47,27.47,27.47,USD
2015-11-18,27.92,27.92,27.92,27.92,USD
2015-11-19,27.79,27.79,27.79,27.79,USD
2015-11-20,27.89,27.89,27.89,27.89,USD
2015-11-23,27.9,27.9,27.9,27.9,USD
2015-11-24,27.99,27.99,27.99,27.99,USD
2015-11-25,28.04,28.04,28.04,28.04,USD
2015-11-27,28.05,28.05,28.05,28.05,USD
2015-11-30,27.93,27.93,27.93,27.93,USD
2015-12-01,28.18,28.18,28.18,28.18,USD
2015-12-02,27.91,27.91,27.91,27.91,USD
2015-12-03,27.56,27.56,27.56,27.56,USD
2015-12-04,27.95,27.95,27.95,27.95,USD
2015-12-07,27.69,27.69,27.69,27.69,USD
2015-12-08,27.58,27.58,27.58,27.58,USD
2015-12-09,27.36,27.36,27.36,27.36,USD
2015-12-10,27.45,27.45,27.45,27.45,USD
2015-12-11,27.0,27.0,27.0,27.0,USD
2015-12-14,27.03,27.03,27.03,27.03,USD
2015-12-15,27.3,27.3,27.3,27.3,USD
2015-12-16,27.61,27.61,27.61,27.61,USD
2015-12-17,27.2,27.2,27.2,27.2,USD
2015-12-18,25.49,25.49,25.49,25.49,USD
2015-12-21,25.65,25.65,25.65,25.65,USD
2015-12-22,25.87,25.87,25.87,25.87,USD
2015-12-23,26.18,26.18,26.18,26.18,USD
2015-12-24,26.16,26.16,26.16,26.16,USD
2015-12-28,26.08,26.08,26.08,26.08,USD
2015-12-29,26.33,26.33,26.33,26.33,USD
2015-12-30,26.14,26.14,26.14,26.14,USD
2015-12-31,25.95,25.95,25.95,25.95,USD
2016-01-04,25.58,25.58,25.58,25.58,USD
2016-01-05,25.55,25.55,25.55,25.55,USD
2016-01-06,25.25,25.25,25.25,25.25,USD
2016-01-07,24.65,24.65,24.65,24.65,USD
2016-01-08,24.4,24.4,24.4,24.4,USD
2016-01-11,24.33,24.33,24.33,24.33,USD
2016-01-12,24.55,24.55,24.55,24.55,USD
2016-01-13,23.86,23.86,23.86,23.86,USD
2016-01-14,24.18,24.18,24.18,24.18,USD
2016-01-15,23.67,23.67,23.67,23.67,USD
2016-01-19,23.65,23.65,23.65,23.65,USD
2016-01-20,23.61,23.61,23.61,23.61,USD
2016-01-21,23.67,23.67,23.67,23.67,USD
2016-01-22,24.13,24.13,24.13,24.13,USD
2016-01-25,23.76,23.76,23.76,23.76,USD
2016-01-26,24.08,24.08,24.08,24.08,USD
2016-01-27,23.85,23.85,23.85,23.85,USD
2016-01-28,23.88,23.88,23.88,23.88,USD
2016-01-29,24.38,24.38,24.38,24.38,USD
2016-02-01,24.41,24.41,24.41,24.41,USD
2016-02-02,23.93,23.93,23.93,23.93,USD
2016-02-03,24.08,24.08,24.08,24.08,USD
2016-02-04,24.17,24.17,24.17,24.17,USD
2016-02-05,23.65,23.65,23.65,23.65,USD
2016-02-08,23.27,23.27,23.27,23.27,USD
2016-02-09,23.19,23.19,23.19,23.19,USD
2016-02-10,23.3,23.3,23.3,23.3,USD
2016-02-11,23.05,23.05,23.05,23.05,USD
2016-02-12,23.47,23.47,23.47,23.47,USD
2016-02-16,23.89,23.89,23.89,23.89,USD
2016-02-17,24.41,24.41,24.41,24.41,USD
2016-02-18,24.19,24.19,24.19,24.19,USD
2016-02-19,24.23,24.23,24.23,24.23,USD
2016-02-22,24.53,24.53,24.53,24.53,USD
2016-02-23,24.22,24.22,24.22,24.22,USD
2016-02-24,24.34,24.34,24.34,24.34,USD
2016-02-25,24.53,24.53,24.53,24.53,USD
2016-02-26,24.63,24.63,24.63,24.63,USD
2016-02-29,24.47,24.47,24.47,24.47,USD
2016-03-01,25.03,25.03,25.03,25.03,USD
2016-03-02,25.1,25.1,25.1,25.1,USD
2016-03-03,25.23,25.23,25.23,25.23,USD
2016-03-04,25.39,25.39,25.39,25.39,USD
2016-03-07,25.47,25.47,25.47,25.47,USD
2016-03-08,25.04,25.04,25.04,25.04,USD
2016-03-09,25.18,25.18,25.18,25.18,USD
2016-03-10,25.15,25.15,25.15,25.15,USD
2016-03-11,25.64,25.64,25.64,25.64,USD
2016-03-14,25.58,25.58,25.58,25.58,USD
2016-03-15,25.44,25.44,25.44,25.44,USD
2016-03-16,25.65,25.65,25.65,25.65,USD
2016-03-17,25.76,25.76,25.76,25.76,USD
2016-03-18,25.93,25.93,25.93,25.93,USD
2016-03-21,25.95,25.95,25.95,25.95,USD
2016-03-22,25.97,25.97,25.97,25.97,USD
2016-03-23,25.74,25.74,25.74,25.74,USD
2016-03-24,25.77,25.77,25.77,25.77,USD
2016-03-28,25.74,25.74,25.74,25.74,USD
2016-03-29,26.0,26.0,26.0,26.0,USD
2016-03-30,26.1,26.1,26.1,26.1,USD
2016-03-31,26.07,26.07,26.07,26.07,USD
2016-04-01,26.21,26.21,26.21,26.21,USD
2016-04-04,26.13,26.13,26.13,26.13,USD
2016-04-05,25.9,25.9,25.9,25.9,USD
2016-04-06,26.27,26.27,26.27,26.27,USD
2016-04-07,25.97,25.97,25.97,25.97,USD
2016-04-08,26.08,26.08,26.08,26.08,USD
2016-04-11,26.02,26.02,26.02,26.02,USD
2016-04-12,26.3,26.3,26.3,26.3,USD
2016-04-13,26.64,26.64,26.64,26.64,USD
2016-04-14,26.63,26.63,26.63,26.63,USD
2016-04-15,26.55,26.55,26.55,26.55,USD
2016-04-18,26.67,26.67,26.67,26.67,USD
2016-04-19,26.61,26.61,26.61,26.61,USD
2016-04-20,26.74,26.74,26.74,26.74,USD
2016-04-21,26.72,26.72,26.72,26.72,USD
2016-04-22,26.79,26.79,26.79,26.79,USD
2016-04-25,26.62,26.62,26.62,26.62,USD
2016-04-26,26.72,26.72,26.72,26.72,USD
2016-04-27,26.82,26.82,26.82,26.82,USD
2016-04-28,26.56,26.56,26.56,26.56,USD
2016-04-29,26.39,26.39,26.39,26.39,USD
2016-05-02,26.58,26.58,26.58,26.58,USD
2016-05-03,26.29,26.29,26.29,26.29,USD
2016-05-04,26.06,26.06,26.06,26.06,USD
2016-05-05,26.07,26.07,26.07,26.07,USD
2016-05-06,26.05,26.05,26.05,26.05,USD
2016-05-09,26.08,26.08,26.08,26.08,USD
2016-05-10,26.38,26.38,26.38,26.38,USD
2016-05-11,26.14,26.14,26.14,26.14,USD
2016-05-12,26.11,26.11,26.11,26.11,USD
2016-05-13,25.93,25.93,25.93,25.93,USD
2016-05-16,26.22,26.22,26.22,26.22,USD
2016-05-17,26.07,26.07,26.07,26.07,USD
2016-05-18,26.07,26.07,26.07,26.07,USD
2016-05-19,25.91,25.91,25.91,25.91,USD
2016-05-20,26.16,26.16,26.16,26.16,USD
2016-05-23,26.17,26.17,26.17,26.17,USD
2016-05-24,26.53,26.53,26.53,26.53,USD
2016-05-25,26.72,26.72,26.72,26.72,USD
2016-05-26,26.72,26.72,26.72,26.72,USD
2016-05-27,26.84,26.84,26.84,26.84,USD
2016-05-31,26.85,26.85,26.85,26.85,USD
2016-06-01,26.9,26.9,26.9,26.9,USD
2016-06-02,27.01,27.01,27.01,27.01,USD
2016-06-03,26.97,26.97,26.97,26.97,USD
2016-06-06,27.15,27.15,27.15,27.15,USD
2016-06-07,27.16,27.16,27.16,27.16,USD
2016-06-08,27.21,27.21,27.21,27.21,USD
2016-06-09,27.13,27.13,27.13,27.13,USD
2016-06-10,26.76,26.76,26.76,26.76,USD
2016-06-13,26.59,26.59,26.59,26.59,USD
2016-06-14,26.58,26.58,26.58,26.58,USD
2016-06-15,26.57,26.57,26.57,26.57,USD
2016-06-16,26.55,26.55,26.55,26.55,USD
2016-06-17,26.04,26.04,26.04,26.04,USD
2016-06-20,26.25,26.25,26.25,26.25,USD
2016-06-21,26.23,26.23,26.23,26.23,USD
2016-06-22,26.2,26.2,26.2,26.2,USD
2016-06-23,26.55,26.55,26.55,26.55,USD
2016-06-24,25.53,25.53,25.53,25.53,USD
2016-06-27,24.93,24.93,24.93,24.93,USD
2016-06-28,25.38,25.38,25.38,25.38,USD
2016-06-29,25.74,25.74,25.74,25.74,USD
2016-06-30,25.98,25.98,25.98,25.98,USD
2016-07-01,26.11,26.11,26.11,26.11,USD
2016-07-05,25.84,25.84,25.84,25.84,USD
2016-07-06,25.96,25.96,25.96,25.96,USD
2016-07-07,25.99,25.99,25.99,25.99,USD
2016-07-08,26.39,26.39,26.39,26.39,USD
2016-07-11,26.44,26.44,26.44,26.44,USD
2016-07-12,26.69,26.69,26.69,26.69,USD
2016-07-13,26.65,26.65,26.65,26.65,USD
2016-07-14,26.8,26.8,26.8,26.8,USD
2016-07-15,26.77,26.77,26.77,26.77,USD
2016-07-18,26.81,26.81,26.81,26.81,USD
2016-07-19,26.64,26.64,26.64,26.64,USD
2016-07-20,26.81,26.81,26.81,26.81,USD
2016-07-21,26.69,26.69,26.69,26.69,USD
2016-07-22,26.72,26.72,26.72,26.72,USD
2016-07-25,26.66,26.66,26.66,26.66,USD
2016-07-26,26.77,26.77,26.77,26.77,USD
2016-07-27,26.8,26.8,26.8,26.8,USD
2016-07-28,26.8,26.8,26.8,26.8,USD
2016-07-29,26.89,26.89,26.89,26.89,USD
2016-08-01,26.84,26.84,26.84,26.84,USD
2016-08-02,26.65,26.65,26.65,26.65,USD
2016-08-03,26.78,26.78,26.78,26.78,USD
2016-08-04,26.79,26.79,26.79,26.79,USD
2016-08-05,27.05,27.05,27.05,27.05,USD
2016-08-08,27.08,27.08,27.08,27.08,USD
2016-08-09,27.1,27.1,27.1,27.1,USD
2016-08-10,27.03,27.03,27.03,27.03,USD
2016-08-11,27.21,27.21,27.21,27.21,USD
2016-08-12,27.24,27.24,27.24,27.24,USD
2016-08-15,27.38,27.38,27.38,27.38,USD
2016-08-16,27.23,27.23,27.23,27.23,USD
2016-08-17,27.22,27.22,27.22,27.22,USD
2016-08-18,27.37,27.37,27.37,27.37,USD
2016-08-19,27.37,27.37,27.37,27.37,USD
2016-08-22,27.36,27.36,27.36,27.36,USD
2016-08-23,27.46,27.46,27.46,27.46,USD
2016-08-24,27.24,27.24,27.24,27.24,USD
2016-08-25,27.21,27.21,27.21,27.21,USD
2016-08-26,27.23,27.23,27.23,27.23,USD
2016-08-29,27.31,27.31,27.31,27.31,USD
2016-08-30,27.25,27.25,27.25,27.25,USD
2016-08-31,27.14,27.14,27.14,27.14,USD
2016-09-01,27.14,27.14,27.14,27.14,USD
2016-09-02,27.21,27.21,27.21,27.21,USD
2016-09-06,27.32,27.32,27.32,27.32,USD
2016-09-07,27.28,27.28,27.28,27.28,USD
2016-09-08,27.25,27.25,27.25,27.25,USD
2016-09-09,26.62,26.62,26.62,26.62,USD
2016-09-12,26.96,26.96,26.96,26.96,USD
2016-09-13,26.57,26.57,26.57,26.57,USD
2016-09-14,26.58,26.58,26.58,26.58,USD
2016-09-15,26.86,26.86,26.86,26.86,USD
2016-09-16,26.79,26.79,26.79,26.79,USD
2016-09-19,26.8,26.8,26.8,26.8,USD
2016-09-20,26.79,26.79,26.79,26.79,USD
2016-09-21,27.06,27.06,27.06,27.06,USD
2016-09-22,27.24,27.24,27.24,27.24,USD
2016-09-23,27.09,27.09,27.09,27.09,USD
2016-09-26,26.89,26.89,26.89,26.89,USD
2016-09-27,27.03,27.03,27.03,27.03,USD
2016-09-28,27.22,27.22,27.22,27.22,USD
2016-09-29,27.04,27.04,27.04,27.04,USD
2016-09-30,27.27,27.27,27.27,27.27,USD
2016-10-03,27.24,27.24,27.24,27.24,USD
2016-10-04,27.17,27.17,27.17,27.17,USD
2016-10-05,27.38,27.38,27.38,27.38,USD
2016-10-06,27.35,27.35,27.35,27.35,USD
2016-10-07,27.25,27.25,27.25,27.25,USD
2016-10-10,27.36,27.36,27.36,27.36,USD
2016-10-11,26.95,26.95,26.95,26.95,USD
2016-10-12,26.9,26.9,26.9,26.9,USD
2016-10-13,26.8,26.8,26.8,26.8,USD
2016-10-14,26.77,26.77,26.77,26.77,USD
2016-10-17,26.69,26.69,26.69,26.69,USD
2016-10-18,27.03,27.03,27.03,27.03,USD
2016-10-19,27.18,27.18,27.18,27.18,USD
2016-10-20,27.16,27.16,27.16,27.16,USD
2016-10-21,27.1,27.1,27.1,27.1,USD
2016-10-24,27.2,27.2,27.2,27.2,USD
2016-10-25,26.98,26.98,26.98,26.98,USD
2016-10-26,26.92,26.92,26.92,26.92,USD
2016-10-27,26.89,26.89,26.89,26.89,USD
2016-10-28,26.68,26.68,26.68,26.68,USD
2016-10-31,26.61,26.61,26.61,26.61,USD
2016-11-01,26.5,26.5,26.5,26.5,USD
2016-11-02,26.35,26.35,26.35,26.35,USD
2016-11-03,26.24,26.24,26.24,26.24,USD
2016-11-04,26.22,26.22,26.22,26.22,USD
2016-11-07,26.72,26.72,26.72,26.72,USD
2016-11-08,26.76,26.76,26.76,26.76,USD
2016-11-09,27.06,27.06,27.06,27.06,USD
2016-11-10,27.12,27.12,27.12,27.12,USD
2016-11-11,26.99,26.99,26.99,26.99,USD
2016-11-14,27.03,27.03,27.03,27.03,USD
2016-11-15,27.25,27.25,27.25,27.25,USD
2016-11-16,27.21,27.21,27.21,27.21,USD
2016-11-17,27.29,27.29,27.29,27.29,USD
2016-11-18,27.24,27.24,27.24,27.24,USD
2016-11-21,27.46,27.46,27.46,27.46,USD
2016-11-22,27.48,27.48,27.48,27.48,USD
2016-11-23,27.58,27.58,27.58,27.58,USD
2016-11-25,27.59,27.59,27.59,27.59,USD
2016-11-28,27.4,27.4,27.4,27.4,USD
2016-11-29,27.43,27.43,27.43,27.43,USD
2016-11-30,27.55,27.55,27.55,27.55,USD
2016-12-01,27.41,27.41,27.41,27.41,USD
2016-12-02,27.41,27.41,27.41,27.41,USD
2016-12-05,27.57,27.57,27.57,27.57,USD
2016-12-06,27.68,27.68,27.68,27.68,USD
2016-12-07,27.9,27.9,27.9,27.9,USD
2016-12-08,28.03,28.03,28.03,28.03,USD
2016-12-09,28.11,28.11,28.11,28.11,USD
2016-12-12,27.97,27.97,27.97,27.97,USD
2016-12-13,28.15,28.15,28.15,28.15,USD
2016-12-14,27.97,27.97,27.97,27.97,USD
2016-12-15,28.11,28.11,28.11,28.11,USD
2016-12-16,28.01,28.01,28.01,28.01,USD
2016-12-19,27.52,27.52,27.52,27.52,USD
2016-12-20,27.57,27.57,27.57,27.57,USD
2016-12-21,27.52,27.52,27.52,27.52,USD
2016-12-22,27.46,27.46,27.46,27.46,USD
2016-12-23,27.51,27.51,27.51,27.51,USD
2016-12-27,27.59,27.59,27.59,27.59,USD
2016-12-28,27.37,27.37,27.37,27.37,USD
2016-12-29,27.35,27.35,27.35,27.35,USD
2016-12-30,27.23,27.23,27.23,27.23,USD
2017-01-03,27.47,27.47,27.47,27.47,USD
2017-01-04,27.67,27.67,27.67,27.67,USD
2017-01-05,27.65,27.65,27.65,27.65,USD
2017-01-06,27.76,27.76,27.76,27.76,USD
2017-01-09,27.71,27.71,27.71,27.71,USD
2017-01-10,27.8,27.8,27.8,27.8,USD
2017-01-11,27.83,27.83,27.83,27.83,USD
2017-01-12,27.79,27.79,27.79,27.79,USD
2017-01-13,27.89,27.89,27.89,27.89,USD
2017-01-17,27.75,27.75,27.75,27.75,USD
2017-01-18,27.84,27.84,27.84,27.84,USD
2017-01-19,27.84,27.84,27.84,27.84,USD
2017-01-20,27.96,27.96,27.96,27.96,USD
2017-01-23,27.9,27.9,27.9,27.9,USD
2017-01-24,28.13,28.13,28.13,28.13,USD
2017-01-25,28.33,28.33,28.33,28.33,USD
2017-01-26,28.34,28.34,28.34,28.34,USD
2017-01-27,28.36,28.36,28.36,28.36,USD
2017-01-30,28.15,28.15,28.15,28.15,USD
2017-01-31,28.14,28.14,28.14,28.14,USD
2017-02-01,28.17,28.17,28.17,28.17,USD
2017-02-02,28.17,28.17,28.17,28.17,USD
2017-02-03,28.34,28.34,28.34,28.34,USD
2017-02-06,28.25,28.25,28.25,28.25,USD
2017-02-07,28.22,28.22,28.22,28.22,USD
2017-02-08,28.26,28.26,28.26,28.26,USD
2017-02-09,28.45,28.45,28.45,28.45,USD
2017-02-10,28.57,28.57,28.57,28.57,USD
2017-02-13,28.67,28.67,28.67,28.67,USD
2017-02-14,28.71,28.71,28.71,28.71,USD
2017-02-15,28.86,28.86,28.86,28.86,USD
2017-02-16,28.82,28.82,28.82,28.82,USD
2017-02-17,28.87,28.87,28.87,28.87,USD
2017-02-21,29.03,29.03,29.03,29.03,USD
2017-02-22,28.91,28.91,28.91,28.91,USD
2017-02-23,28.87,28.87,28.87,28.87,USD
2017-02-24,28.85,28.85,28.85,28.85,USD
2017-02-27,28.92,28.92,28.92,28.92,USD
2017-02-28,28.82,28.82,28.82,28.82,USD
2017-03-01,29.19,29.19,29.19,29.19,USD
2017-03-02,28.99,28.99,28.99,28.99,USD
2017-03-03,29.01,29.01,29.01,29.01,USD
2017-03-06,28.95,28.95,28.95,28.95,USD
2017-03-07,28.86,28.86,28.86,28.86,USD
2017-03-08,28.76,28.76,28.76,28.76,USD
2017-03-09,28.81,28.81,28.81,28.81,USD
2017-03-10,28.89,28.89,28.89,28.89,USD
2017-03-13,28.97,28.97,28.97,28.97,USD
2017-03-14,28.85,28.85,28.85,28.85,USD
2017-03-15,29.12,29.12,29.12,29.12,USD
2017-03-16,29.11,29.11,29.11,29.11,USD
2017-03-17,29.08,29.08,29.08,29.08,USD
2017-03-20,29.0,29.0,29.0,29.0,USD
2017-03-21,28.6,28.6,28.6,28.6,USD
2017-03-22,28.67,28.67,28.67,28.67,USD
2017-03-23,28.61,28.61,28.61,28.61,USD
2017-03-24,28.61,28.61,28.61,28.61,USD
2017-03-27,28.63,28.63,28.63,28.63,USD
2017-03-28,28.82,28.82,28.82,28.82,USD
2017-03-29,28.87,28.87,28.87,28.87,USD
2017-03-30,28.89,28.89,28.89,28.89,USD
2017-03-31,28.85,28.85,28.85,28.85,USD
2017-04-03,28.79,28.79,28.79,28.79,USD
2017-04-04,28.81,28.81,28.81,28.81,USD
2017-04-05,28.68,28.68,28.68,28.68,USD
2017-04-06,28.77,28.77,28.77,28.77,USD
2017-04-07,28.79,28.79,28.79,28.79,USD
2017-04-10,28.84,28.84,28.84,28.84,USD
2017-04-11,28.81,28.81,28.81,28.81,USD
2017-04-12,28.65,28.65,28.65,28.65,USD
2017-04-13,28.5,28.5,28.5,28.5,USD
2017-04-17,28.75,28.75,28.75,28.75,USD
2017-04-18,28.65,28.65,28.65,28.65,USD
2017-04-19,28.57,28.57,28.57,28.57,USD
2017-04-20,28.79,28.79,28.79,28.79,USD
2017-04-21,28.75,28.75,28.75,28.75,USD
2017-04-24,29.08,29.08,29.08,29.08,USD
2017-04-25,29.26,29.26,29.26,29.26,USD
2017-04-26,29.3,29.3,29.3,29.3,USD
2017-04-27,29.33,29.33,29.33,29.33,USD
2017-04-28,29.25,29.25,29.25,29.25,USD
2017-05-01,29.33,29.33,29.33,29.33,USD
2017-05-02,29.38,29.38,29.38,29.38,USD
2017-05-03,29.3,29.3,29.3,29.3,USD
2017-05-04,29.3,29.3,29.3,29.3,USD
2017-05-05,29.43,29.43,29.43,29.43,USD
2017-05-08,29.38,29.38,29.38,29.38,USD
2017-05-09,29.45,29.45,29.45,29.45,USD
2017-05-10,29.46,29.46,29.46,29.46,USD
2017-05-11,29.41,29.41,29.41,29.41,USD
2017-05-12,29.41,29.41,29.41,29.41,USD
2017-05-15,29.55,29.55,29.55,29.55,USD
2017-05-16,29.58,29.58,29.58,29.58,USD
2017-05-17,29.02,29.02,29.02,29.02,USD
2017-05-18,29.13,29.13,29.13,29.13,USD
2017-05-19,29.3,29.3,29.3,29.3,USD
2017-05-22,29.48,29.48,29.48,29.48,USD
2017-05-23,29.47,29.47,29.47,29.47,USD
2017-05-24,29.52,29.52,29.52,29.52,USD
2017-05-25,29.64,29.64,29.64,29.64,USD
2017-05-26,29.65,29.65,29.65,29.65,USD
2017-05-30,29.6,29.6,29.6,29.6,USD
2017-05-31,29.58,29.58,29.58,29.58,USD
2017-06-01,29.8,29.8,29.8,29.8,USD
2017-06-02,29.94,29.94,29.94,29.94,USD
2017-06-05,29.9,29.9,29.9,29.9,USD
2017-06-06,29.88,29.88,29.88,29.88,USD
2017-06-07,29.87,29.87,29.87,29.87,USD
2017-06-08,29.93,29.93,29.93,29.93,USD
2017-06-09,29.8,29.8,29.8,29.8,USD
2017-06-12,29.68,29.68,29.68,29.68,USD
2017-06-13,29.87,29.87,29.87,29.87,USD
2017-06-14,29.76,29.76,29.76,29.76,USD
2017-06-15,29.59,29.59,29.59,29.59,USD
2017-06-16,29.17,29.17,29.17,29.17,USD
2017-06-19,29.45,29.45,29.45,29.45,USD
2017-06-20,29.24,29.24,29.24,29.24,USD
2017-06-21,29.32,29.32,29.32,29.32,USD
2017-06-22,29.37,29.37,29.37,29.37,USD
2017-06-23,29.46,29.46,29.46,29.46,USD
2017-06-26,29.42,29.42,29.42,29.42,USD
2017-06-28,29.47,29.47,29.47,29.47,USD
2017-06-29,29.23,29.23,29.23,29.23,USD
2017-06-30,29.26,29.26,29.26,29.26,USD
2017-07-03,29.27,29.27,29.27,29.27,USD
2017-07-05,29.32,29.32,29.32,29.32,USD
2017-07-06,29.11,29.11,29.11,29.11,USD
2017-07-07,29.31,29.31,29.31,29.31,USD
2017-07-10,29.4,29.4,29.4,29.4,USD
2017-07-11,29.46,29.46,29.46,29.46,USD
2017-07-12,29.67,29.67,29.67,29.67,USD
2017-07-13,29.75,29.75,29.75,29.75,USD
2017-07-14,29.9,29.9,29.9,29.9,USD
2017-07-17,29.85,29.85,29.85,29.85,USD
2017-07-18,29.98,29.98,29.98,29.98,USD
2017-07-19,30.15,30.15,30.15,30.15,USD
2017-07-20,30.18,30.18,30.18,30.18,USD
2017-07-21,30.18,30.18,30.18,30.18,USD
2017-07-24,30.19,30.19,30.19,30.19,USD
2017-07-25,30.25,30.25,30.25,30.25,USD
2017-07-26,30.23,30.23,30.23,30.23,USD
2017-07-27,30.09,30.09,30.09,30.09,USD
2017-07-28,30.08,30.08,30.08,30.08,USD
2017-07-31,30.02,30.02,30.02,30.02,USD
2017-08-01,30.07,30.07,30.07,30.07,USD
2017-08-02,30.02,30.02,30.02,30.02,USD
2017-08-03,29.91,29.91,29.91,29.91,USD
2017-08-04,29.96,29.96,29.96,29.96,USD
2017-08-07,30.04,30.04,30.04,30.04,USD
2017-08-08,29.96,29.96,29.96,29.96,USD
2017-08-09,29.84,29.84,29.84,29.84,USD
2017-08-10,29.35,29.35,29.35,29.35,USD
2017-08-11,29.42,29.42,29.42,29.42,USD
2017-08-14,29.65,29.65,29.65,29.65,USD
2017-08-15,29.6,29.6,29.6,29.6,USD
2017-08-16,29.67,29.67,29.67,29.67,USD
2017-08-17,29.28,29.28,29.28,29.28,USD
2017-08-18,29.27,29.27,29.27,29.27,USD
2017-08-21,29.28,29.28,29.28,29.28,USD
2017-08-22,29.56,29.56,29.56,29.56,USD
2017-08-23,29.47,29.47,29.47,29.47,USD
2017-08-24,29.46,29.46,29.46,29.46,USD
2017-08-25,29.46,29.46,29.46,29.46,USD
2017-08-28,29.45,29.45,29.45,29.45,USD
2017-08-29,29.5,29.5,29.5,29.5,USD
2017-08-30,29.71,29.71,29.71,29.71,USD
2017-08-31,29.93,29.93,29.93,29.93,USD
2017-09-01,29.99,29.99,29.99,29.99,USD
2017-09-05,29.82,29.82,29.82,29.82,USD
2017-09-06,29.96,29.96,29.96,29.96,USD
2017-09-07,30.05,30.05,30.05,30.05,USD
2017-09-08,30.01,30.01,30.01,30.01,USD
2017-09-11,30.37,30.37,30.37,30.37,USD
2017-09-12,30.51,30.51,30.51,30.51,USD
2017-09-13,30.56,30.56,30.56,30.56,USD
2017-09-14,30.56,30.56,30.56,30.56,USD
2017-09-15,30.58,30.58,30.58,30.58,USD
2017-09-18,30.67,30.67,30.67,30.67,USD
2017-09-19,30.68,30.68,30.68,30.68,USD
2017-09-20,30.72,30.72,30.72,30.72,USD
2017-09-21,30.67,30.67,30.67,30.67,USD
2017-09-22,30.74,30.74,30.74,30.74,USD
2017-09-25,30.58,30.58,30.58,30.58,USD
2017-09-26,30.57,30.57,30.57,30.57,USD
2017-09-27,30.78,30.78,30.78,30.78,USD
2017-09-28,30.8,30.8,30.8,30.8,USD
2017-09-29,30.9,30.9,30.9,30.9,USD
2017-10-02,31.01,31.01,31.01,31.01,USD
2017-10-03,31.06,31.06,31.06,31.06,USD
2017-10-04,31.16,31.16,31.16,31.16,USD
2017-10-05,31.33,31.33,31.33,31.33,USD
2017-10-06,31.37,31.37,31.37,31.37,USD
2017-10-09,31.32,31.32,31.32,31.32,USD
2017-10-10,31.35,31.35,31.35,31.35,USD
2017-10-11,31.41,31.41,31.41,31.41,USD
2017-10-12,31.37,31.37,31.37,31.37,USD
2017-10-13,31.39,31.39,31.39,31.39,USD
2017-10-16,31.43,31.43,31.43,31.43,USD
2017-10-17,31.44,31.44,31.44,31.44,USD
2017-10-18,31.47,31.47,31.47,31.47,USD
2017-10-19,31.44,31.44,31.44,31.44,USD
2017-10-20,31.61,31.61,31.61,31.61,USD
2017-10-23,31.46,31.46,31.46,31.46,USD
2017-10-24,31.52,31.52,31.52,31.52,USD
2017-10-25,31.39,31.39,31.39,31.39,USD
2017-10-27,31.79,31.79,31.79,31.79,USD
2017-10-30,31.71,31.71,31.71,31.71,USD
2017-10-31,31.76,31.76,31.76,31.76,USD
2017-11-01,31.83,31.83,31.83,31.83,USD
2017-11-02,31.83,31.83,31.83,31.83,USD
2017-11-03,31.97,31.97,31.97,31.97,USD
2017-11-06,32.1,32.1,32.1,32.1,USD
2017-11-07,31.97,31.97,31.97,31.97,USD
2017-11-08,31.99,31.99,31.99,31.99,USD
2017-11-09,31.88,31.88,31.88,31.88,USD
2017-11-10,31.82,31.82,31.82,31.82,USD
2017-11-13,31.84,31.84,31.84,31.84,USD
2017-11-14,31.76,31.76,31.76,31.76,USD
2017-11-15,31.61,31.61,31.61,31.61,USD
2017-11-16,31.89,31.89,31.89,31.89,USD
2017-11-17,31.89,31.89,31.89,31.89,USD
2017-11-20,31.96,31.96,31.96,31.96,USD
2017-11-21,32.15,32.15,32.15,32.15,USD
2017-11-22,32.12,32.12,32.12,32.12,USD
2017-11-24,32.19,32.19,32.19,32.19,USD
2017-11-27,32.14,32.14,32.14,32.14,USD
2017-11-28,32.36,32.36,32.36,32.36,USD
2017-11-29,32.2,32.2,32.2,32.2,USD
2017-11-30,32.45,32.45,32.45,32.45,USD
2017-12-01,32.33,32.33,32.33,32.33,USD
2017-12-04,32.1,32.1,32.1,32.1,USD
2017-12-05,32.02,32.02,32.02,32.02,USD
2017-12-06,31.99,31.99,31.99,31.99,USD
2017-12-07,32.12,32.12,32.12,32.12,USD
2017-12-08,32.34,32.34,32.34,32.34,USD
2017-12-11,32.44,32.44,32.44,32.44,USD
2017-12-12,32.43,32.43,32.43,32.43,USD
2017-12-13,32.47,32.47,32.47,32.47,USD
2017-12-14,32.34,32.34,32.34,32.34,USD
2017-12-15,32.57,32.57,32.57,32.57,USD
2017-12-18,31.51,31.51,31.51,31.51,USD
2017-12-19,31.49,31.49,31.49,31.49,USD
2017-12-20,31.53,31.53,31.53,31.53,USD
2017-12-21,31.59,31.59,31.59,31.59,USD
2017-12-22,31.6,31.6,31.6,31.6,USD
2017-12-26,31.54,31.54,31.54,31.54,USD
2017-12-27,31.57,31.57,31.57,31.57,USD
2017-12-28,31.66,31.66,31.66,31.66,USD
2017-12-29,31.49,31.49,31.49,31.49,USD
2018-01-02,31.89,31.89,31.89,31.89,USD
2018-01-03,32.14,32.14,32.14,32.14,USD
2018-01-04,32.23,32.23,32.23,32.23,USD
2018-01-05,32.43,32.43,32.43,32.43,USD
2018-01-08,32.52,32.52,32.52,32.52,USD
2018-01-09,32.6,32.6,32.6,32.6,USD
2018-01-10,32.5,32.5,32.5,32.5,USD
2018-01-11,32.77,32.77,32.77,32.77,USD
2018-01-12,33.07,33.07,33.07,33.07,USD
2018-01-16,32.92,32.92,32.92,32.92,USD
2018-01-17,33.21,33.21,33.21,33.21,USD
2018-01-18,33.22,33.22,33.22,33.22,USD
2018-01-19,33.36,33.36,33.36,33.36,USD
2018-01-22,33.63,33.63,33.63,33.63,USD
2018-01-23,33.8,33.8,33.8,33.8,USD
2018-01-24,33.83,33.83,33.83,33.83,USD
2018-01-25,33.92,33.92,33.92,33.92,USD
2018-01-26,34.41,34.41,34.41,34.41,USD
2018-01-29,34.33,34.33,34.33,34.33,USD
2018-01-30,33.89,33.89,33.89,33.89,USD
2018-01-31,33.75,33.75,33.75,33.75,USD
2018-02-01,33.84,33.84,33.84,33.84,USD
2018-02-02,33.26,33.26,33.26,33.26,USD
2018-02-05,32.13,32.13,32.13,32.13,USD
2018-02-06,32.63,32.63,32.63,32.63,USD
2018-02-07,32.53,32.53,32.53,32.53,USD
2018-02-08,31.4,31.4,31.4,31.4,USD
2018-02-09,31.7,31.7,31.7,31.7,USD
2018-02-12,32.15,32.15,32.15,32.15,USD
2018-02-13,32.22,32.22,32.22,32.22,USD
2018-02-14,32.76,32.76,32.76,32.76,USD
2018-02-15,33.12,33.12,33.12,33.12,USD
2018-02-16,33.11,33.11,33.11,33.11,USD
2018-02-20,33.0,33.0,33.0,33.0,USD
2018-02-21,32.94,32.94,32.94,32.94,USD
2018-02-22,32.92,32.92,32.92,32.92,USD
2018-02-23,33.39,33.39,33.39,33.39,USD
2018-02-26,33.77,33.77,33.77,33.77,USD
2018-02-27,33.37,33.37,33.37,33.37,USD
2018-02-28,33.07,33.07,33.07,33.07,USD
2018-03-01,32.72,32.72,32.72,32.72,USD
2018-03-02,33.01,33.01,33.01,33.01,USD
2018-03-05,33.36,33.36,33.36,33.36,USD
2018-03-06,33.55,33.55,33.55,33.55,USD
2018-03-07,33.63,33.63,33.63,33.63,USD
2018-03-08,33.68,33.68,33.68,33.68,USD
2018-03-09,34.3,34.3,34.3,34.3,USD
2018-03-12,34.24,34.24,34.24,34.24,USD
2018-03-13,34.04,34.04,34.04,34.04,USD
2018-03-14,33.95,33.95,33.95,33.95,USD
2018-03-15,33.86,33.86,33.86,33.86,USD
2018-03-16,33.86,33.86,33.86,33.86,USD
2018-03-19,33.46,33.46,33.46,33.46,USD
2018-03-20,33.62,33.62,33.62,33.62,USD
2018-03-21,33.66,33.66,33.66,33.66,USD
2018-03-22,32.73,32.73,32.73,32.73,USD
2018-03-23,32.2,32.2,32.2,32.2,USD
2018-03-26,33.0,33.0,33.0,33.0,USD
2018-03-27,32.34,32.34,32.34,32.34,USD
2018-03-28,32.07,32.07,32.07,32.07,USD
2018-03-29,32.53,32.53,32.53,32.53,USD
2018-04-02,31.78,31.78,31.78,31.78,USD
2018-04-03,32.12,32.12,32.12,32.12,USD
2018-04-04,32.4,32.4,32.4,32.4,USD
2018-04-05,32.6,32.6,32.6,32.6,USD
2018-04-06,31.92,31.92,31.92,31.92,USD
2018-04-09,32.04,32.04,32.04,32.04,USD
2018-04-10,32.62,32.62,32.62,32.62,USD
2018-04-11,32.62,32.58,32.58,32.58,USD
2018-04-12,32.86,32.86,32.86,32.86,USD
2018-04-13,32.78,32.78,32.78,32.78,USD
2018-04-16,32.97,32.97,32.97,32.97,USD
2018-04-17,33.47,33.47,33.47,33.47,USD
2018-04-18,33.6,33.6,33.6,33.6,USD
2018-04-19,33.43,33.43,33.43,33.43,USD
2018-04-20,33.19,33.19,33.19,33.19,USD
2018-04-23,33.15,33.15,33.15,33.15,USD
2018-04-24,32.7,32.7,32.7,32.7,USD
2018-04-25,32.74,32.74,32.74,32.74,USD
2018-04-26,33.03,33.03,33.03,33.03,USD
2018-04-27,33.09,33.09,33.09,33.09,USD
2018-04-30,32.85,32.85,32.85,32.85,USD
2018-05-01,32.94,32.94,32.94,32.94,USD
2018-05-02,32.76,32.76,32.76,32.76,USD
2018-05-03,32.68,32.68,32.68,32.68,USD
2018-05-04,33.02,33.02,33.02,33.02,USD
2018-05-07,33.18,33.18,33.18,33.18,USD
2018-05-08,33.25,33.25,33.25,33.25,USD
2018-05-09,33.48,33.48,33.48,33.48,USD
2018-05-10,33.71,33.71,33.71,33.71,USD
2018-05-11,33.77,33.77,33.77,33.77,USD
2018-05-14,33.83,33.83,33.83,33.83,USD
2018-05-15,33.58,33.58,33.58,33.58,USD
2018-05-16,33.77,33.77,33.77,33.77,USD
2018-05-17,33.86,33.86,33.86,33.86,USD
2018-05-18,33.85,33.85,33.85,33.85,USD
2018-05-21,34.09,34.09,34.09,34.09,USD
2018-05-22,33.93,33.93,33.93,33.93,USD
2018-05-23,34.09,34.09,34.09,34.09,USD
2018-05-24,34.04,34.04,34.04,34.04,USD
2018-05-25,33.97,33.97,33.97,33.97,USD
2018-05-29,33.66,33.66,33.66,33.66,USD
2018-05-30,34.04,34.04,34.04,34.04,USD
2018-05-31,33.8,33.8,33.8,33.8,USD
2018-06-01,34.13,34.13,34.13,34.13,USD
2018-06-04,34.26,34.26,34.26,34.26,USD
2018-06-05,34.33,34.33,34.33,34.33,USD
2018-06-06,34.63,34.63,34.63,34.63,USD
2018-06-07,34.53,34.53,34.53,34.53,USD
2018-06-08,34.59,34.59,34.59,34.59,USD
2018-06-11,34.59,34.59,34.59,34.59,USD
2018-06-12,34.66,34.66,34.66,34.66,USD
2018-06-13,34.66,34.66,34.66,34.66,USD
2018-06-14,34.8,34.8,34.8,34.8,USD
2018-06-15,33.96,33.96,33.96,33.96,USD
2018-06-18,33.92,33.92,33.92,33.92,USD
2018-06-19,33.81,33.81,33.81,33.81,USD
2018-06-20,34.03,34.03,34.03,34.03,USD
2018-06-21,33.77,33.77,33.77,33.77,USD
2018-06-22,33.79,33.79,33.79,33.79,USD
2018-06-25,33.17,33.17,33.17,33.17,USD
2018-06-26,33.29,33.29,33.29,33.29,USD
2018-06-27,33.01,33.01,33.01,33.01,USD
2018-06-28,33.18,33.18,33.18,33.18,USD
2018-06-29,33.29,33.29,33.29,33.29,USD
2018-07-02,33.31,33.31,33.31,33.31,USD
2018-07-03,33.17,33.17,33.17,33.17,USD
2018-07-05,33.46,33.46,33.46,33.46,USD
2018-07-06,33.79,33.79,33.79,33.79,USD
2018-07-09,34.16,34.16,34.16,34.16,USD
2018-07-10,34.23,34.23,34.23,34.23,USD
2018-07-11,33.95,33.95,33.95,33.95,USD
2018-07-12,34.15,34.15,34.15,34.15,USD
2018-07-13,34.14,34.14,34.14,34.14,USD
2018-07-16,34.01,34.01,34.01,34.01,USD
2018-07-17,34.06,34.06,34.06,34.06,USD
2018-07-18,34.15,34.15,34.15,34.15,USD
2018-07-19,34.01,34.01,34.01,34.01,USD
2018-07-20,33.95,33.95,33.95,33.95,USD
2018-07-23,33.96,33.96,33.96,33.96,USD
2018-07-24,34.01,34.01,34.01,34.01,USD
2018-07-25,34.37,34.37,34.37,34.37,USD
2018-07-26,34.28,34.28,34.28,34.28,USD
2018-07-27,33.95,33.95,33.95,33.95,USD
2018-07-30,33.65,33.65,33.65,33.65,USD
2018-07-31,33.86,33.86,33.86,33.86,USD
2018-08-01,33.8,33.8,33.8,33.8,USD
2018-08-02,34.04,34.04,34.04,34.04,USD
2018-08-03,34.01,34.01,34.01,34.01,USD
2018-08-06,34.14,34.14,34.14,34.14,USD
2018-08-07,34.28,34.28,34.28,34.28,USD
2018-08-08,34.23,34.23,34.23,34.23,USD
2018-08-09,34.2,34.2,34.2,34.2,USD
2018-08-10,34.01,34.01,34.01,34.01,USD
2018-08-13,33.88,33.88,33.88,33.88,USD
2018-08-14,34.0,34.0,34.0,34.0,USD
2018-08-15,33.6,33.6,33.6,33.6,USD
2018-08-16,33.71,33.71,33.71,33.71,USD
2018-08-17,33.74,33.74,33.74,33.74,USD
2018-08-20,33.84,33.84,33.84,33.84,USD
2018-08-21,34.05,34.05,34.05,34.05,USD
2018-08-22,34.19,34.19,34.19,34.19,USD
2018-08-23,34.13,34.13,34.13,34.13,USD
2018-08-24,34.4,34.4,34.4,34.4,USD
2018-08-27,34.67,34.67,34.67,34.67,USD
2018-08-28,34.67,34.67,34.67,34.67,USD
2018-08-29,34.83,34.83,34.83,34.83,USD
2018-08-30,34.72,34.72,34.72,34.72,USD
2018-08-31,34.69,34.69,34.69,34.69,USD
2018-09-04,34.54,34.54,34.54,34.54,USD
2018-09-05,34.3,34.3,34.3,34.3,USD
2018-09-06,34.2,34.2,34.2,34.2,USD
2018-09-07,34.2,34.2,34.2,34.2,USD
2018-09-10,34.3,34.3,34.3,34.3,USD
2018-09-11,34.41,34.41,34.41,34.41,USD
2018-09-12,34.51,34.51,34.51,34.51,USD
2018-09-13,34.76,34.76,34.76,34.76,USD
2018-09-14,34.77,34.77,34.77,34.77,USD
2018-09-17,34.47,34.47,34.47,34.47,USD
2018-09-18,34.77,34.77,34.77,34.77,USD
2018-09-19,34.81,34.81,34.81,34.81,USD
2018-09-20,35.01,35.01,35.01,35.01,USD
2018-09-21,34.99,34.99,34.99,34.99,USD
2018-09-24,35.07,35.07,35.07,35.07,USD
2018-09-25,35.12,35.12,35.12,35.12,USD
2018-09-26,35.11,35.11,35.11,35.11,USD
2018-09-27,35.21,35.21,35.21,35.21,USD
2018-09-28,35.21,35.21,35.21,35.21,USD
2018-10-01,35.3,35.3,35.3,35.3,USD
2018-10-02,35.17,35.17,35.17,35.17,USD
2018-10-03,35.23,35.23,35.23,35.23,USD
2018-10-04,34.76,34.76,34.76,34.76,USD
2018-10-05,34.51,34.51,34.51,34.51,USD
2018-10-08,34.37,34.37,34.37,34.37,USD
2018-10-09,34.35,34.35,34.35,34.35,USD
2018-10-10,33.11,33.11,33.11,33.11,USD
2018-10-11,32.62,32.62,32.62,32.62,USD
2018-10-12,33.14,33.14,33.14,33.14,USD
2018-10-15,32.97,32.97,32.97,32.97,USD
2018-10-16,33.79,33.79,33.79,33.79,USD
2018-10-17,33.73,33.73,33.73,33.73,USD
2018-10-18,33.09,33.09,33.09,33.09,USD
2018-10-19,32.84,32.84,32.84,32.84,USD
2018-10-22,32.76,32.76,32.76,32.76,USD
2018-10-23,32.48,32.48,32.48,32.48,USD
2018-10-24,31.27,31.27,31.27,31.27,USD
2018-10-25,31.89,31.89,31.89,31.89,USD
2018-10-26,31.44,31.44,31.44,31.44,USD
2018-10-29,31.06,31.06,31.06,31.06,USD
2018-10-30,31.55,31.55,31.55,31.55,USD
2018-10-31,31.9,31.9,31.9,31.9,USD
2018-11-01,32.44,32.44,32.44,32.44,USD
2018-11-02,32.28,32.28,32.28,32.28,USD
2018-11-05,32.38,32.38,32.38,32.38,USD
2018-11-06,32.56,32.56,32.56,32.56,USD
2018-11-07,33.3,33.3,33.3,33.3,USD
2018-11-08,33.08,33.08,33.08,33.08,USD
2018-11-09,32.69,32.69,32.69,32.69,USD
2018-11-12,31.99,31.99,31.99,31.99,USD
2018-11-13,31.92,31.92,31.92,31.92,USD
2018-11-14,31.75,31.75,31.75,31.75,USD
2018-11-15,32.18,32.18,32.18,32.18,USD
2018-11-16,32.26,32.26,32.26,32.26,USD
2018-11-19,31.57,31.57,31.57,31.57,USD
2018-11-20,31.12,31.12,31.12,31.12,USD
2018-11-21,31.34,31.34,31.34,31.34,USD
2018-11-23,31.17,31.17,31.17,31.17,USD
2018-11-26,31.68,31.68,31.68,31.68,USD
2018-11-27,31.74,31.74,31.74,31.74,USD
2018-11-28,32.5,32.5,32.5,32.5,USD
2018-11-29,32.52,32.52,32.52,32.52,USD
2018-11-30,32.74,32.74,32.74,32.74,USD
2018-12-03,33.15,33.15,33.15,33.15,USD
2018-12-04,32.05,32.05,32.05,32.05,USD
2018-12-06,31.98,31.98,31.98,31.98,USD
2018-12-07,31.27,31.27,31.27,31.27,USD
2018-12-10,31.37,31.37,31.37,31.37,USD
2018-12-11,31.41,31.41,31.41,31.41,USD
2018-12-12,31.7,31.7,31.7,31.7,USD
2018-12-13,31.6,31.6,31.6,31.6,USD
2018-12-14,31.0,31.0,31.0,31.0,USD
2018-12-17,30.4,30.4,30.4,30.4,USD
2018-12-18,30.4,30.4,30.4,30.4,USD
2018-12-19,29.93,29.93,29.93,29.93,USD
2018-12-20,27.31,27.31,27.31,27.31,USD
2018-12-21,26.76,26.76,26.76,26.76,USD
2018-12-24,26.18,26.18,26.18,26.18,USD
2018-12-26,27.43,27.43,27.43,27.43,USD
2018-12-27,27.65,27.65,27.65,27.65,USD
2018-12-28,27.66,27.66,27.66,27.66,USD
2018-12-31,27.9,27.9,27.9,27.9,USD
2019-01-02,27.85,27.85,27.85,27.85,USD
2019-01-03,27.16,27.16,27.16,27.16,USD
2019-01-04,28.09,28.09,28.09,28.09,USD
2019-01-07,28.41,28.41,28.41,28.41,USD
2019-01-08,28.68,28.68,28.68,28.68,USD
2019-01-09,28.92,28.92,28.92,28.92,USD
2019-01-10,29.07,29.07,29.07,29.07,USD
2019-01-11,29.07,29.07,29.07,29.07,USD
2019-01-14,28.87,28.87,28.87,28.87,USD
2019-01-15,29.26,29.26,29.26,29.26,USD
2019-01-16,29.29,29.29,29.29,29.29,USD
2019-01-17,29.51,29.51,29.51,29.51,USD
2019-01-18,29.89,29.89,29.89,29.89,USD
2019-01-22,29.4,29.4,29.4,29.4,USD
2019-01-23,29.36,29.36,29.36,29.36,USD
2019-01-24,29.5,29.5,29.5,29.5,USD
2019-01-25,29.76,29.76,29.76,29.76,USD
2019-01-28,29.48,29.48,29.48,29.48,USD
2019-01-29,29.45,29.45,29.45,29.45,USD
2019-01-30,29.93,29.93,29.93,29.93,USD
2019-01-31,30.14,30.14,30.14,30.14,USD
2019-02-01,30.17,30.17,30.17,30.17,USD
2019-02-04,30.37,30.37,30.37,30.37,USD
2019-02-05,30.53,30.53,30.53,30.53,USD
2019-02-06,30.5,30.5,30.5,30.5,USD
2019-02-07,30.12,30.12,30.12,30.12,USD
2019-02-08,30.15,30.15,30.15,30.15,USD
2019-02-11,30.2,30.2,30.2,30.2,USD
2019-02-12,30.6,30.6,30.6,30.6,USD
2019-02-13,30.69,30.69,30.69,30.69,USD
2019-02-14,30.67,30.67,30.67,30.67,USD
2019-02-15,30.95,30.95,30.95,30.95,USD
2019-02-19,30.94,30.94,30.94,30.94,USD
2019-02-20,30.94,30.94,30.94,30.94,USD
2019-02-21,30.75,30.75,30.75,30.75,USD
2019-02-22,30.95,30.95,30.95,30.95,USD
2019-02-25,31.04,31.04,31.04,31.04,USD
2019-02-26,31.02,31.02,31.02,31.02,USD
2019-02-27,31.02,31.02,31.02,31.02,USD
2019-02-28,30.87,30.87,30.87,30.87,USD
2019-03-01,31.11,31.11,31.11,31.11,USD
2019-03-04,30.94,30.94,30.94,30.94,USD
2019-03-05,30.89,30.89,30.89,30.89,USD
2019-03-06,30.64,30.64,30.64,30.64,USD
2019-03-07,30.35,30.35,30.35,30.35,USD
2019-03-08,30.24,30.24,30.24,30.24,USD
2019-03-11,30.65,30.65,30.65,30.65,USD
2019-03-12,30.77,30.77,30.77,30.77,USD
2019-03-13,30.99,30.99,30.99,30.99,USD
2019-03-14,30.97,30.97,30.97,30.97,USD
2019-03-15,31.16,31.16,31.16,31.16,USD
2019-03-18,31.32,31.32,31.32,31.32,USD
2019-03-19,31.38,31.38,31.38,31.38,USD
2019-03-20,31.38,31.38,31.38,31.38,USD
2019-03-21,31.75,31.75,31.75,31.75,USD
2019-03-22,31.03,31.03,31.03,31.03,USD
2019-03-25,31.03,31.03,31.03,31.03,USD
2019-03-26,31.22,31.22,31.22,31.22,USD
2019-03-27,31.03,31.03,31.03,31.03,USD
2019-03-28,31.2,31.2,31.2,31.2,USD
2019-03-29,31.44,31.44,31.44,31.44,USD
2019-04-01,31.81,31.81,31.81,31.81,USD
2019-04-02,31.85,31.85,31.85,31.85,USD
2019-04-03,31.95,31.95,31.95,31.95,USD
2019-04-04,31.94,31.94,31.94,31.94,USD
2019-04-05,32.13,32.13,32.13,32.13,USD
2019-04-08,32.16,32.16,32.16,32.16,USD
2019-04-09,31.99,31.99,31.99,31.99,USD
2019-04-10,32.11,32.11,32.11,32.11,USD
2019-04-11,32.06,32.06,32.06,32.06,USD
2019-04-12,32.24,32.24,32.24,32.24,USD
2019-04-15,32.2,32.2,32.2,32.2,USD
2019-04-16,32.15,32.15,32.15,32.15,USD
2019-04-17,31.94,31.94,31.94,31.94,USD
2019-04-18,32.0,32.0,32.0,32.0,USD
2019-04-22,32.13,32.13,32.13,32.13,USD
2019-04-23,32.47,32.47,32.47,32.47,USD
2019-04-24,32.35,32.35,32.35,32.35,USD
2019-04-25,32.39,32.39,32.39,32.39,USD
2019-04-26,32.48,32.48,32.48,32.48,USD
2019-04-29,32.51,32.51,32.51,32.51,USD
2019-04-30,32.48,32.48,32.48,32.48,USD
2019-05-01,32.19,32.19,32.19,32.19,USD
2019-05-02,32.15,32.15,32.15,32.15,USD
2019-05-03,32.45,32.45,32.45,32.45,USD
2019-05-06,32.31,32.31,32.31,32.31,USD
2019-05-07,31.78,31.78,31.78,31.78,USD
2019-05-08,31.8,31.8,31.8,31.8,USD
2019-05-09,31.74,31.74,31.74,31.74,USD
2019-05-10,31.82,31.82,31.82,31.82,USD
2019-05-13,31.02,31.02,31.01,31.01,USD
2019-05-14,31.33,31.33,31.33,31.33,USD
2019-05-15,31.57,31.57,31.57,31.57,USD
2019-05-16,31.8,31.8,31.8,31.8,USD
2019-05-17,31.53,31.53,31.53,31.53,USD
2019-05-20,31.24,31.24,31.24,31.24,USD
2019-05-21,31.55,31.55,31.55,31.55,USD
2019-05-22,31.45,31.45,31.45,31.45,USD
2019-05-23,30.97,30.97,30.97,30.97,USD
2019-05-24,30.99,30.99,30.99,30.99,USD
2019-05-28,30.77,30.77,30.77,30.77,USD
2019-05-29,30.59,30.59,30.59,30.59,USD
2019-05-30,30.66,30.66,30.66,30.66,USD
2019-05-31,30.34,30.34,30.34,30.34,USD
2019-06-03,30.11,30.11,30.11,30.11,USD
2019-06-04,30.77,30.77,30.77,30.77,USD
2019-06-05,30.94,30.94,30.94,30.94,USD
2019-06-06,31.08,31.08,31.08,31.08,USD
2019-06-07,31.45,31.45,31.45,31.45,USD
2019-06-10,31.62,31.62,31.62,31.62,USD
2019-06-11,31.6,31.6,31.6,31.6,USD
2019-06-12,31.48,31.48,31.48,31.48,USD
2019-06-13,31.65,31.65,31.65,31.65,USD
2019-06-14,31.31,31.31,31.31,31.31,USD
2019-06-17,31.42,31.42,31.42,31.42,USD
2019-06-18,31.8,31.8,31.8,31.8,USD
2019-06-19,31.96,31.96,31.96,31.96,USD
2019-06-20,32.27,32.27,32.27,32.27,USD
2019-06-21,32.3,32.3,32.3,32.3,USD
2019-06-24,32.19,32.19,32.19,32.19,USD
2019-06-25,31.75,31.75,31.75,31.75,USD
2019-06-26,31.8,31.8,31.8,31.8,USD
2019-06-27,32.01,32.01,32.01,32.01,USD
2019-06-28,32.23,32.23,32.23,32.23,USD
2019-07-01,32.51,32.51,32.51,32.51,USD
2019-07-02,32.52,32.52,32.52,32.52,USD
2019-07-03,32.72,32.72,32.72,32.72,USD
2019-07-05,32.67,32.67,32.67,32.67,USD
2019-07-08,32.45,32.45,32.45,32.45,USD
2019-07-09,32.53,32.53,32.53,32.53,USD
2019-07-10,32.67,32.67,32.67,32.67,USD
2019-07-11,32.76,32.76,32.76,32.76,USD
2019-07-12,32.82,32.82,32.82,32.82,USD
2019-07-15,32.78,32.78,32.78,32.78,USD
2019-07-16,32.65,32.65,32.65,32.65,USD
2019-07-17,32.49,32.49,32.49,32.49,USD
2019-07-18,32.51,32.51,32.51,32.51,USD
2019-07-19,32.32,32.32,32.32,32.32,USD
2019-07-22,32.43,32.43,32.43,32.43,USD
2019-07-23,32.61,32.61,32.61,32.61,USD
2019-07-24,32.81,32.81,32.81,32.81,USD
2019-07-25,32.63,32.63,32.63,32.63,USD
2019-07-26,32.86,32.86,32.86,32.86,USD
2019-07-29,32.78,32.78,32.78,32.78,USD
2019-07-30,32.72,32.72,32.72,32.72,USD
2019-07-31,32.37,32.37,32.37,32.37,USD
2019-08-01,31.99,31.99,31.99,31.99,USD
2019-08-02,31.68,31.68,31.68,31.68,USD
2019-08-05,30.78,30.78,30.78,30.78,USD
2019-08-06,31.15,31.15,31.15,31.15,USD
2019-08-07,31.25,31.25,31.25,31.25,USD
2019-08-08,31.84,31.84,31.84,31.84,USD
2019-08-09,31.64,31.64,31.64,31.64,USD
2019-08-12,31.32,31.32,31.32,31.32,USD
2019-08-13,31.76,31.76,31.76,31.76,USD
2019-08-14,30.86,30.86,30.86,30.86,USD
2019-08-15,30.94,30.94,30.94,30.94,USD
2019-08-16,31.38,31.38,31.38,31.38,USD
2019-08-19,31.73,31.73,31.73,31.73,USD
2019-08-20,31.5,31.5,31.5,31.5,USD
2019-08-21,31.74,31.74,31.74,31.74,USD
2019-08-22,31.62,31.62,31.62,31.62,USD
2019-08-23,30.88,30.88,30.88,30.88,USD
2019-08-26,31.17,31.17,31.17,31.17,USD
2019-08-27,31.09,31.09,31.09,31.09,USD
2019-08-28,31.2,31.2,31.2,31.2,USD
2019-08-29,31.6,31.6,31.6,31.6,USD
2019-08-30,31.63,31.63,31.63,31.63,USD
2019-09-03,31.32,31.32,31.32,31.32,USD
2019-09-04,31.66,31.66,31.66,31.66,USD
2019-09-05,32.05,32.05,32.05,32.05,USD
2019-09-06,32.05,32.05,32.05,32.05,USD
2019-09-09,31.98,31.98,31.98,31.98,USD
2019-09-10,31.92,31.92,31.92,31.92,USD
2019-09-11,32.12,32.12,32.12,32.12,USD
2019-09-12,32.19,32.19,32.19,32.19,USD
2019-09-13,32.23,32.23,32.23,32.23,USD
2019-09-16,32.27,32.27,32.27,32.27,USD
2019-09-17,32.31,32.31,32.31,32.31,USD
2019-09-18,32.26,32.26,32.26,32.26,USD
2019-09-19,32.27,32.27,32.27,32.27,USD
2019-09-20,32.09,32.09,32.09,32.09,USD
2019-09-23,32.02,32.02,32.02,32.02,USD
2019-09-24,31.64,31.64,31.64,31.64,USD
2019-09-25,31.8,31.8,31.8,31.8,USD
2019-09-26,31.71,31.71,31.71,31.71,USD
2019-09-27,31.37,31.37,31.37,31.37,USD
2019-09-30,31.54,31.54,31.54,31.54,USD
2019-10-01,31.16,31.16,31.16,31.16,USD
2019-10-02,30.68,30.68,30.68,30.68,USD
2019-10-03,31.0,31.0,31.0,31.0,USD
2019-10-04,31.38,31.38,31.38,31.38,USD
2019-10-07,31.26,31.26,31.26,31.26,USD
2019-10-08,30.74,30.74,30.74,30.74,USD
2019-10-09,31.02,31.02,31.02,31.02,USD
2019-10-10,31.24,31.24,31.24,31.24,USD
2019-10-11,31.61,31.61,31.61,31.61,USD
2019-10-14,31.59,31.59,31.59,31.59,USD
2019-10-15,32.02,32.02,32.02,32.02,USD
2019-10-16,31.87,31.87,31.87,31.87,USD
2019-10-17,31.97,31.97,31.97,31.97,USD
2019-10-18,31.71,31.71,31.71,31.71,USD
2019-10-21,31.89,31.89,31.89,31.89,USD
2019-10-22,31.7,31.7,31.7,31.7,USD
2019-10-23,31.78,31.78,31.78,31.78,USD
2019-10-24,31.93,31.93,31.93,31.93,USD
2019-10-25,32.05,32.05,32.05,32.05,USD
2019-10-28,32.26,32.26,32.26,32.26,USD
2019-10-29,32.29,32.29,32.29,32.29,USD
2019-10-30,32.43,32.43,32.43,32.43,USD
2019-10-31,32.33,32.33,32.33,32.33,USD
2019-11-01,32.64,32.64,32.64,32.64,USD
2019-11-04,32.77,32.77,32.77,32.77,USD
2019-11-05,32.74,32.74,32.74,32.74,USD
2019-11-06,32.7,32.7,32.7,32.7,USD
2019-11-07,32.81,32.81,32.81,32.81,USD
2019-11-08,32.93,32.93,32.93,32.93,USD
2019-11-11,32.87,32.87,32.87,32.87,USD
2019-11-12,32.96,32.96,32.96,32.96,USD
2019-11-13,32.92,32.92,32.92,32.92,USD
2019-11-14,33.02,33.02,33.02,33.02,USD
2019-11-15,33.38,33.38,33.38,33.38,USD
2019-11-18,33.37,33.37,33.37,33.37,USD
2019-11-19,33.48,33.48,33.48,33.48,USD
2019-11-20,33.42,33.42,33.42,33.42,USD
2019-11-21,33.38,33.38,33.38,33.38,USD
2019-11-22,33.4,33.4,33.4,33.4,USD
2019-11-25,33.79,33.79,33.79,33.79,USD
2019-11-26,33.85,33.85,33.85,33.85,USD
2019-11-27,34.02,34.02,34.02,34.02,USD
2019-11-29,33.88,33.88,33.88,33.88,USD
2019-12-02,33.55,33.55,33.55,33.55,USD
2019-12-03,33.38,33.38,33.38,33.38,USD
2019-12-04,33.58,33.58,33.58,33.58,USD
2019-12-05,33.65,33.65,33.65,33.65,USD
2019-12-06,33.97,33.97,33.97,33.97,USD
2019-12-09,33.8,33.8,33.8,33.8,USD
2019-12-10,33.78,33.78,33.78,33.78,USD
2019-12-11,33.93,33.93,33.93,33.93,USD
2019-12-12,34.2,34.2,34.2,34.2,USD
2019-12-13,34.21,34.21,34.21,34.21,USD
2019-12-16,34.53,34.53,34.53,34.53,USD
2019-12-17,34.58,34.58,34.58,34.58,USD
2019-12-18,34.67,34.67,34.67,34.67,USD
2019-12-19,33.39,33.39,33.39,33.39,USD
2019-12-20,33.56,33.56,33.56,33.56,USD
2019-12-23,33.61,33.61,33.61,33.61,USD
2019-12-24,33.61,33.61,33.61,33.61,USD
2019-12-26,33.72,33.72,33.72,33.72,USD
2019-12-27,33.7,33.7,33.7,33.7,USD
2019-12-30,33.48,33.48,33.48,33.48,USD
2019-12-31,33.57,33.57,33.57,33.57,USD
2020-01-02,33.81,33.81,33.81,33.81,USD
2020-01-03,33.68,33.68,33.68,33.68,USD
2020-01-06,33.88,33.88,33.88,33.88,USD
2020-01-07,33.85,33.85,33.85,33.85,USD
2020-01-08,34.01,34.01,34.01,34.01,USD
2020-01-09,34.22,34.22,34.22,34.22,USD
2020-01-10,34.09,34.09,34.09,34.09,USD
2020-01-13,34.26,34.26,34.26,34.26,USD
2020-01-14,34.28,34.28,34.28,34.28,USD
2020-01-15,34.41,34.41,34.41,34.41,USD
2020-01-16,34.7,34.7,34.7,34.7,USD
2020-01-17,34.75,34.75,34.75,34.75,USD
2020-01-21,34.63,34.63,34.63,34.63,USD
2020-01-22,34.62,34.62,34.62,34.62,USD
2020-01-23,34.65,34.65,34.65,34.65,USD
2020-01-24,34.38,34.38,34.38,34.38,USD
2020-01-27,33.74,33.74,33.74,33.74,USD
2020-01-28,34.1,34.1,34.1,34.1,USD
2020-01-29,34.08,34.08,34.08,34.08,USD
2020-01-30,34.0,34.02,34.0,34.02,USD
2020-01-31,33.39,33.39,33.39,33.39,USD
2020-02-03,33.72,33.72,33.72,33.72,USD
2020-02-04,34.3,34.3,34.3,34.3,USD
2020-02-05,34.69,34.69,34.69,34.69,USD
2020-02-06,34.81,34.81,34.81,34.81,USD
2020-02-07,34.59,34.59,34.59,34.59,USD
2020-02-10,34.79,34.79,34.79,34.79,USD
2020-02-11,34.92,34.92,34.92,34.92,USD
2020-02-12,35.23,35.23,35.23,35.23,USD
2020-02-13,35.26,35.26,35.26,35.26,USD
2020-02-14,35.3,35.3,35.3,35.3,USD
2020-02-18,35.25,35.25,35.25,35.25,USD
2020-02-19,35.51,35.51,35.51,35.51,USD
2020-02-20,35.26,35.26,35.26,35.26,USD
2020-02-21,34.88,34.88,34.88,34.88,USD
2020-02-24,33.7,33.7,33.7,33.7,USD
2020-02-25,32.69,32.69,32.69,32.69,USD
2020-02-26,32.63,32.63,32.63,32.63,USD
2020-02-27,31.52,31.52,31.52,31.52,USD
2020-02-28,31.47,31.47,31.47,31.47,USD
2020-03-02,32.56,32.56,32.56,32.56,USD
2020-03-03,31.73,31.73,31.73,31.73,USD
2020-03-04,33.01,33.01,33.01,33.01,USD
2020-03-05,32.02,32.02,32.02,32.02,USD
2020-03-06,31.43,31.43,31.43,31.43,USD
2020-03-09,29.08,29.08,29.08,29.08,USD
2020-03-10,30.37,30.37,30.37,30.37,USD
2020-03-11,29.03,29.03,29.03,29.03,USD
2020-03-12,26.66,26.66,26.66,26.66,USD
2020-03-13,28.63,28.63,28.63,28.63,USD
2020-03-16,25.44,25.44,25.44,25.44,USD
2020-03-17,26.51,26.51,26.51,26.51,USD
2020-03-18,25.19,25.19,25.19,25.19,USD
2020-03-19,25.64,25.64,25.64,25.64,USD
2020-03-20,24.97,24.97,24.97,24.97,USD
2020-03-23,24.49,24.49,24.49,24.49,USD
2020-03-24,26.45,26.45,26.45,26.45,USD
2020-03-25,26.79,26.79,26.79,26.79,USD
2020-03-26,28.25,28.25,28.25,28.25,USD
2020-03-27,27.2,27.2,27.2,27.2,USD
2020-03-30,28.0,28.0,28.0,28.0,USD
2020-03-31,27.77,27.77,27.77,27.77,USD
2020-04-01,26.59,26.59,26.59,26.59,USD
2020-04-02,27.11,27.11,27.11,27.11,USD
2020-04-03,26.76,26.76,26.76,26.76,USD
2020-04-06,28.4,28.4,28.4,28.4,USD
2020-04-07,28.36,28.36,28.36,28.36,USD
2020-04-08,29.3,29.3,29.3,29.3,USD
2020-04-09,29.55,29.55,29.55,29.55,USD
2020-04-13,29.32,29.32,29.32,29.32,USD
2020-04-14,30.19,30.19,30.19,30.19,USD
2020-04-15,29.78,29.78,29.78,29.78,USD
2020-04-16,30.1,30.1,30.1,30.1,USD
2020-04-17,30.82,30.82,30.82,30.82,USD
2020-04-20,30.44,30.44,30.44,30.44,USD
2020-04-21,29.6,29.6,29.6,29.6,USD
2020-04-22,30.27,30.27,30.27,30.27,USD
2020-04-23,30.39,30.39,30.39,30.39,USD
2020-04-24,30.71,30.71,30.71,30.71,USD
2020-04-27,31.09,31.09,31.09,31.09,USD
2020-04-28,30.78,30.78,30.78,30.78,USD
2020-04-29,31.68,31.68,31.68,31.68,USD
2020-04-30,31.51,31.51,31.51,31.51,USD
2020-05-01,30.73,30.73,30.73,30.73,USD
2020-05-04,30.9,30.9,30.9,30.9,USD
2020-05-05,31.27,31.27,31.27,31.27,USD
2020-05-06,31.25,31.25,31.25,31.25,USD
2020-05-07,31.62,31.62,31.62,31.62,USD
2020-05-08,32.01,32.01,32.01,32.01,USD
2020-05-11,32.12,32.12,32.12,32.12,USD
2020-05-12,31.55,31.55,31.55,31.55,USD
2020-05-13,31.04,31.04,31.04,31.04,USD
2020-05-14,31.29,31.29,31.29,31.29,USD
2020-05-15,31.48,31.48,31.48,31.48,USD
2020-05-18,32.3,32.3,32.3,32.3,USD
2020-05-19,32.11,32.11,32.11,32.11,USD
2020-05-20,32.6,32.6,32.6,32.6,USD
2020-05-21,32.37,32.37,32.37,32.37,USD
2020-05-22,32.44,32.44,32.44,32.44,USD
2020-05-26,32.7,32.7,32.7,32.7,USD
2020-05-27,33.08,33.08,33.08,33.08,USD
2020-05-28,33.02,33.02,33.02,33.02,USD
2020-05-29,33.31,33.31,33.31,33.31,USD
2020-06-01,33.51,33.51,33.51,33.51,USD
2020-06-02,33.75,33.75,33.75,33.75,USD
2020-06-03,34.12,34.12,34.12,34.12,USD
2020-06-04,33.88,33.88,33.88,33.88,USD
2020-06-05,34.62,34.62,34.62,34.62,USD
2020-06-08,34.88,34.88,34.88,34.88,USD
2020-06-09,34.6,34.6,34.6,34.6,USD
2020-06-10,34.55,34.55,34.55,34.55,USD
2020-06-11,32.78,32.78,32.78,32.78,USD
2020-06-12,33.16,33.16,33.16,33.16,USD
2020-06-15,33.46,33.46,33.46,33.46,USD
2020-06-16,34.06,34.06,34.06,34.06,USD
2020-06-17,33.52,33.52,33.52,33.52,USD
2020-06-18,33.6,33.6,33.6,33.6,USD
2020-06-19,33.59,33.59,33.59,33.59,USD
2020-06-22,33.79,33.79,33.79,33.79,USD
2020-06-23,33.95,33.95,33.95,33.95,USD
2020-06-24,33.09,33.09,33.09,33.09,USD
2020-06-25,33.46,33.46,33.46,33.46,USD
2020-06-26,32.8,32.8,32.8,32.8,USD
2020-06-29,33.09,33.09,33.09,33.09,USD
2020-06-30,33.62,33.62,33.62,33.62,USD
2020-07-01,33.98,33.98,33.98,33.98,USD
2020-07-02,34.14,34.14,34.14,34.14,USD
2020-07-06,34.63,34.63,34.63,34.63,USD
2020-07-07,34.27,34.27,34.27,34.27,USD
2020-07-08,34.62,34.62,34.62,34.62,USD
2020-07-09,34.5,34.5,34.5,34.5,USD
2020-07-10,34.73,34.73,34.73,34.73,USD
2020-07-13,34.25,34.25,34.25,34.25,USD
2020-07-14,34.7,34.7,34.7,34.7,USD
2020-07-15,35.0,35.0,35.0,35.0,USD
2020-07-16,34.88,34.88,34.88,34.88,USD
2020-07-17,34.96,34.96,34.96,34.96,USD
2020-07-20,35.33,35.33,35.33,35.33,USD
2020-07-21,35.35,35.35,35.35,35.35,USD
2020-07-22,35.49,35.49,35.49,35.49,USD
2020-07-23,35.06,35.06,35.06,35.06,USD
2020-07-24,34.79,34.79,34.79,34.79,USD
2020-07-27,35.12,35.12,35.12,35.12,USD
2020-07-28,34.82,34.82,34.82,34.82,USD
2020-07-29,35.22,35.22,35.22,35.22,USD
2020-07-30,35.11,35.11,35.11,35.11,USD
2020-07-31,35.14,35.14,35.14,35.14,USD
2020-08-03,35.39,35.39,35.39,35.39,USD
2020-08-04,35.5,35.5,35.5,35.5,USD
2020-08-05,35.79,35.79,35.79,35.79,USD
2020-08-06,35.93,35.93,35.93,35.93,USD
2020-08-07,35.72,35.72,35.72,35.72,USD
2020-08-10,35.6,35.6,35.6,35.6,USD
2020-08-11,35.32,35.32,35.32,35.32,USD
2020-08-12,35.78,35.78,35.78,35.78,USD
2020-08-13,35.78,35.78,35.78,35.78,USD
2020-08-14,35.72,35.72,35.72,35.72,USD
2020-08-17,35.86,35.86,35.86,35.86,USD
2020-08-18,35.97,35.97,35.97,35.97,USD
2020-08-19,35.57,35.57,35.57,35.57,USD
2020-08-20,35.68,35.68,35.68,35.68,USD
2020-08-21,35.66,35.66,35.66,35.66,USD
2020-08-24,35.85,35.85,35.85,35.85,USD
2020-08-25,36.1,36.1,36.1,36.1,USD
2020-08-26,36.61,36.61,36.61,36.61,USD
2020-08-27,36.68,36.68,36.68,36.68,USD
2020-08-28,36.93,36.93,36.93,36.93,USD
2020-08-31,36.83,36.83,36.83,36.83,USD
2020-09-01,37.18,37.18,37.18,37.18,USD
2020-09-02,37.69,37.69,37.69,37.69,USD
2020-09-03,36.41,36.41,36.41,36.41,USD
2020-09-04,35.98,35.98,35.98,35.98,USD
2020-09-08,35.18,35.18,35.18,35.18,USD
2020-09-09,35.81,35.81,35.81,35.81,USD
2020-09-10,35.2,35.2,35.2,35.2,USD
2020-09-11,35.27,35.27,35.27,35.27,USD
2020-09-14,35.69,35.69,35.69,35.69,USD
2020-09-15,36.01,36.01,36.01,36.01,USD
2020-09-16,35.87,35.87,35.87,35.87,USD
2020-09-17,35.6,35.6,35.6,35.6,USD
2020-09-18,35.35,35.35,35.35,35.35,USD
2020-09-21,34.93,34.93,34.93,34.93,USD
2020-09-22,35.27,35.27,35.27,35.27,USD
2020-09-23,34.58,34.58,34.58,34.58,USD
2020-09-24,34.51,34.51,34.51,34.51,USD
2020-09-25,35.04,35.04,35.04,35.04,USD
2020-09-28,35.54,35.54,35.54,35.54,USD
2020-09-29,35.46,35.46,35.46,35.46,USD
2020-09-30,35.69,35.69,35.69,35.69,USD
2020-10-01,36.0,36.0,36.0,36.0,USD
2020-10-02,35.63,35.63,35.63,35.63,USD
2020-10-05,36.3,36.3,36.3,36.3,USD
2020-10-06,35.85,35.85,35.85,35.85,USD
2020-10-07,36.5,36.5,36.5,36.5,USD
2020-10-08,36.68,36.68,36.68,36.68,USD
2020-10-09,37.01,37.01,37.01,37.01,USD
2020-10-12,37.42,37.42,37.42,37.42,USD
2020-10-13,37.35,37.35,37.35,37.35,USD
2020-10-14,37.09,37.09,37.09,37.09,USD
2020-10-15,37.04,37.04,37.04,37.04,USD
2020-10-16,37.07,37.07,37.07,37.07,USD
2020-10-19,36.55,36.55,36.55,36.55,USD
2020-10-20,36.67,36.67,36.67,36.67,USD
2020-10-21,36.49,36.49,36.49,36.49,USD
2020-10-22,36.71,36.71,36.71,36.71,USD
2020-10-23,36.86,36.86,36.86,36.86,USD
2020-10-26,36.16,36.16,36.16,36.16,USD
2020-10-27,36.05,36.05,36.05,36.05,USD
2020-10-28,34.94,34.94,34.94,34.94,USD
2020-10-29,35.31,35.31,35.31,35.31,USD
2020-10-30,34.86,34.86,34.86,34.86,USD
2020-11-02,35.25,35.25,35.25,35.25,USD
2020-11-03,35.8,35.8,35.8,35.8,USD
2020-11-04,36.86,36.86,36.86,36.86,USD
2020-11-05,37.59,37.59,37.59,37.59,USD
2020-11-06,37.53,37.53,37.53,37.53,USD
2020-11-09,37.68,37.68,37.68,37.68,USD
2020-11-10,37.48,37.48,37.48,37.48,USD
2020-11-11,37.73,37.73,37.73,37.73,USD
2020-11-12,37.52,37.52,37.52,37.52,USD
2020-11-13,37.97,37.97,37.97,37.97,USD
2020-11-16,38.27,38.27,38.27,38.27,USD
2020-11-17,38.19,38.19,38.19,38.19,USD
2020-11-18,37.86,37.86,37.86,37.86,USD
2020-11-19,37.99,37.99,37.99,37.99,USD
2020-11-20,37.87,37.87,37.87,37.87,USD
2020-11-23,38.05,38.05,38.05,38.05,USD
2020-11-24,38.47,38.47,38.47,38.47,USD
2020-11-25,38.36,38.36,38.36,38.36,USD
2020-11-27,38.56,38.56,38.56,38.56,USD
2020-11-30,38.33,38.33,38.33,38.33,USD
2020-12-01,38.73,38.73,38.73,38.73,USD
2020-12-02,38.75,38.75,38.75,38.75,USD
2020-12-03,38.79,38.79,38.79,38.79,USD
2020-12-04,39.26,39.26,39.26,39.26,USD
2020-12-07,39.22,39.22,39.22,39.22,USD
2020-12-08,39.31,39.31,39.31,39.31,USD
2020-12-09,38.87,38.87,38.87,38.87,USD
2020-12-10,38.92,38.92,38.92,38.92,USD
2020-12-11,38.87,38.87,38.87,38.87,USD
2020-12-14,38.87,38.87,38.87,38.87,USD
2020-12-15,39.25,39.25,39.25,39.25,USD
2020-12-16,38.43,38.43,38.43,38.43,USD
2020-12-17,38.78,38.78,38.78,38.78,USD
2020-12-18,38.76,38.76,38.76,38.76,USD
2020-12-21,38.55,38.55,38.55,38.55,USD
2020-12-22,38.57,38.57,38.57,38.57,USD
2020-12-23,38.57,38.57,38.57,38.57,USD
2020-12-24,38.62,38.62,38.62,38.62,USD
2020-12-28,38.72,38.72,38.72,38.72,USD
2020-12-29,38.76,38.76,38.76,38.76,USD
2020-12-30,38.86,38.86,38.86,38.86,USD
2020-12-31,39.11,39.11,39.11,39.11,USD
2021-01-04,38.54,38.54,38.54,38.54,USD
2021-01-05,38.85,38.85,38.85,38.85,USD
2021-01-06,38.98,38.98,38.98,38.98,USD
2021-01-07,39.64,39.64,39.64,39.64,USD
2021-01-08,39.77,39.77,39.77,39.77,USD
2021-01-11,39.49,39.49,39.49,39.49,USD
2021-01-12,39.44,39.44,39.44,39.44,USD
2021-01-13,39.49,39.49,39.49,39.49,USD
2021-01-14,39.48,39.48,39.48,39.48,USD
2021-01-15,39.26,39.26,39.26,39.26,USD
2021-01-19,39.7,39.7,39.7,39.7,USD
2021-01-20,40.47,40.47,40.47,40.47,USD
2021-01-21,40.41,40.41,40.41,40.41,USD
2021-01-22,40.2,40.2,40.2,40.2,USD
2021-01-25,40.24,40.24,40.24,40.24,USD
2021-01-26,40.03,40.03,40.03,40.03,USD
2021-01-27,38.8,38.8,38.8,38.8,USD
2021-01-28,39.48,39.48,39.48,39.48,USD
2021-01-29,38.93,38.93,38.93,38.93,USD
2021-02-01,39.55,39.55,39.55,39.55,USD
2021-02-02,40.16,40.16,40.16,40.16,USD
2021-02-03,40.12,40.12,40.12,40.12,USD
2021-02-04,40.57,40.57,40.57,40.57,USD
2021-02-05,40.86,40.86,40.86,40.86,USD
2021-02-08,41.11,41.11,41.11,41.11,USD
2021-02-09,41.19,41.19,41.19,41.19,USD
2021-02-10,41.17,41.17,41.17,41.17,USD
2021-02-11,41.35,41.35,41.35,41.35,USD
2021-02-12,41.6,41.6,41.6,41.6,USD
2021-02-16,41.51,41.51,41.51,41.51,USD
2021-02-17,41.37,41.37,41.37,41.37,USD
2021-02-18,41.12,41.12,41.12,41.12,USD
2021-02-19,41.09,41.09,41.09,41.09,USD
2021-02-22,40.64,40.64,40.64,40.64,USD
2021-02-23,40.77,40.77,40.77,40.77,USD
2021-02-24,41.29,41.29,41.29,41.29,USD
2021-02-25,40.24,40.24,40.24,40.24,USD
2021-02-26,40.16,40.16,40.16,40.16,USD
2021-03-01,41.05,41.05,41.05,41.05,USD
2021-03-02,40.66,40.66,40.66,40.66,USD
2021-03-03,39.94,39.94,39.94,39.94,USD
2021-03-04,39.39,39.39,39.39,39.39,USD
2021-03-05,40.09,40.09,40.09,40.09,USD
2021-03-08,39.62,39.62,39.62,39.62,USD
2021-03-09,40.27,40.27,40.27,40.27,USD
2021-03-10,40.31,40.31,40.31,40.31,USD
2021-03-11,41.03,41.03,41.03,41.03,USD
2021-03-12,40.88,40.88,40.88,40.88,USD
2021-03-15,41.21,41.21,41.21,41.21,USD
2021-03-16,41.08,41.08,41.08,41.08,USD
2021-03-17,41.24,41.24,41.24,41.24,USD
2021-03-18,40.45,40.45,40.45,40.45,USD
2021-03-19,40.62,40.62,40.62,40.62,USD
2021-03-22,40.9,40.9,40.9,40.9,USD
2021-03-23,40.55,40.55,40.55,40.55,USD
2021-03-24,40.24,40.24,40.24,40.24,USD
2021-03-25,40.31,40.31,40.31,40.31,USD
2021-03-26,41.06,41.06,41.06,41.06,USD
2021-03-29,40.87,40.87,40.87,40.87,USD
2021-03-30,40.78,40.78,40.78,40.78,USD
2021-03-31,40.96,40.96,40.96,40.96,USD
2021-04-01,41.63,41.63,41.63,41.63,USD
2021-04-05,42.09,42.09,42.09,42.09,USD
2021-04-06,42.1,42.1,42.1,42.1,USD
2021-04-07,42.03,42.03,42.03,42.03,USD
2021-04-08,42.3,42.3,42.3,42.3,USD
2021-04-09,42.58,42.58,42.58,42.58,USD
2021-04-12,42.5,42.5,42.5,42.5,USD
2021-04-13,42.65,42.65,42.65,42.65,USD
2021-04-14,42.5,42.5,42.5,42.5,USD
2021-04-15,43.06,43.06,43.06,43.06,USD
2021-04-16,43.13,43.13,43.13,43.13,USD
2021-04-19,42.76,42.76,42.76,42.76,USD
2021-04-20,42.37,42.37,42.37,42.37,USD
2021-04-21,42.66,42.66,42.66,42.66,USD
2021-04-22,42.52,42.52,42.52,42.52,USD
2021-04-23,43.05,43.05,43.05,43.05,USD
2021-04-26,43.24,43.24,43.24,43.24,USD
2021-04-27,43.25,43.25,43.25,43.25,USD
2021-04-28,43.23,43.23,43.23,43.23,USD
2021-04-29,43.36,43.36,43.36,43.36,USD
2021-04-30,43.02,43.02,43.02,43.02,USD
2021-05-03,42.98,42.98,42.98,42.98,USD
2021-05-04,42.56,42.56,42.56,42.56,USD
2021-05-05,42.54,42.54,42.54,42.54,USD
2021-05-06,42.68,42.68,42.68,42.68,USD
2021-05-07,43.1,43.1,43.1,43.1,USD
2021-05-10,42.46,42.46,42.46,42.46,USD
2021-05-11,42.18,42.18,42.18,42.18,USD
2021-05-12,41.16,41.16,41.16,41.16,USD
2021-05-13,41.48,41.48,41.48,41.48,USD
2021-05-14,42.27,42.27,42.27,42.27,USD
2021-05-17,42.13,42.13,42.13,42.13,USD
2021-05-18,41.93,41.93,41.93,41.93,USD
2021-05-19,41.81,41.81,41.81,41.81,USD
2021-05-20,42.41,42.41,42.41,42.41,USD
2021-05-21,42.33,42.33,42.33,42.33,USD
2021-05-24,42.75,42.75,42.75,42.75,USD
2021-05-25,42.78,42.78,42.78,42.78,USD
2021-05-26,42.91,42.91,42.91,42.91,USD
2021-05-27,43.05,43.05,43.05,43.05,USD
2021-05-28,43.07,43.07,43.07,43.07,USD
2021-06-01,42.96,42.96,42.96,42.96,USD
2021-06-02,42.94,42.94,42.94,42.94,USD
2021-06-03,42.65,42.65,42.65,42.65,USD
2021-06-04,43.07,43.07,43.07,43.07,USD
2021-06-07,43.03,43.03,43.03,43.03,USD
2021-06-08,43.08,43.08,43.08,43.08,USD
2021-06-09,42.98,42.98,42.98,42.98,USD
2021-06-10,43.3,43.3,43.3,43.3,USD
2021-06-11,43.38,43.38,43.38,43.38,USD
2021-06-14,43.51,43.51,43.51,43.51,USD
2021-06-15,43.39,43.39,43.39,43.39,USD
2021-06-16,41.68,41.68,41.68,41.68,USD
2021-06-17,41.86,41.86,41.86,41.86,USD
2021-06-18,41.46,41.46,41.46,41.46,USD
2021-06-21,41.98,41.98,41.98,41.98,USD
2021-06-22,42.22,42.22,42.22,42.22,USD
2021-06-23,42.23,42.23,42.23,42.23,USD
2021-06-24,42.46,42.46,42.46,42.46,USD
2021-06-25,42.68,42.68,42.68,42.68,USD
2021-06-28,42.76,42.76,42.76,42.76,USD
2021-06-29,42.78,42.78,42.78,42.78,USD
2021-06-30,42.68,42.68,42.68,42.68,USD
2021-07-01,42.91,42.91,42.91,42.91,USD
2021-07-02,43.21,43.21,43.21,43.21,USD
2021-07-06,43.22,43.22,43.22,43.22,USD
2021-07-07,43.2,43.2,43.2,43.2,USD
2021-07-08,42.77,42.77,42.77,42.77,USD
2021-07-09,43.23,43.23,43.23,43.23,USD
2021-07-12,43.25,43.25,43.25,43.25,USD
2021-07-13,43.12,43.12,43.12,43.12,USD
2021-07-14,42.99,42.99,42.99,42.99,USD
2021-07-15,42.78,42.78,42.78,42.78,USD
2021-07-16,42.46,42.46,42.46,42.46,USD
2021-07-19,41.91,41.91,41.91,41.91,USD
2021-07-20,42.54,42.54,42.54,42.54,USD
2021-07-21,42.9,42.9,42.9,42.9,USD
2021-07-22,43.07,43.07,43.07,43.07,USD
2021-07-23,43.6,43.6,43.6,43.6,USD
2021-07-26,43.57,43.57,43.57,43.57,USD
2021-07-27,43.27,43.27,43.27,43.27,USD
2021-07-28,43.48,43.48,43.48,43.48,USD
2021-07-29,43.64,43.64,43.64,43.64,USD
2021-07-30,43.52,43.52,43.52,43.52,USD
2021-08-02,43.46,43.46,43.46,43.46,USD
2021-08-03,43.73,43.73,43.73,43.73,USD
2021-08-04,43.66,43.66,43.66,43.66,USD
2021-08-05,43.95,43.95,43.95,43.95,USD
2021-08-06,43.91,43.91,43.91,43.91,USD
2021-08-09,43.8,43.8,43.8,43.8,USD
2021-08-10,43.7,43.7,43.7,43.7,USD
2021-08-11,43.72,43.72,43.72,43.72,USD
2021-08-12,43.77,43.77,43.77,43.77,USD
2021-08-13,43.81,43.81,43.81,43.81,USD
2021-08-16,43.85,43.85,43.85,43.85,USD
2021-08-17,43.59,43.59,43.59,43.59,USD
2021-08-18,43.24,43.24,43.24,43.24,USD
2021-08-19,43.37,43.37,43.37,43.37,USD
2021-08-20,43.72,43.72,43.72,43.72,USD
2021-08-23,44.12,44.12,44.12,44.12,USD
2021-08-24,44.41,44.41,44.41,44.41,USD
2021-08-25,44.52,44.52,44.52,44.52,USD
2021-08-26,44.26,44.26,44.26,44.26,USD
2021-08-27,44.76,44.76,44.76,44.76,USD
2021-08-30,44.98,44.98,44.98,44.98,USD
2021-08-31,44.92,44.92,44.92,44.92,USD
2021-09-01,45.09,45.09,45.09,45.09,USD
2021-09-02,45.23,45.23,45.23,45.23,USD
2021-09-03,45.26,45.26,45.26,45.26,USD
2021-09-07,45.16,45.16,45.16,45.16,USD
2021-09-08,45.02,45.02,45.02,45.02,USD
2021-09-09,44.92,44.92,44.92,44.92,USD
2021-09-10,44.82,44.82,44.82,44.82,USD
2021-09-13,44.78,44.78,44.78,44.78,USD
2021-09-14,44.63,44.63,44.63,44.63,USD
2021-09-15,44.96,44.96,44.96,44.96,USD
2021-09-16,45.02,45.02,45.02,45.02,USD
2021-09-17,44.81,44.81,44.81,44.81,USD
2021-09-20,44.04,44.04,44.04,44.04,USD
2021-09-21,44.12,44.12,44.12,44.12,USD
2021-09-22,44.55,44.55,44.55,44.55,USD
2021-09-23,45.05,45.05,45.05,45.05,USD
2021-09-24,45.04,45.04,45.04,45.04,USD
2021-09-27,44.8,44.8,44.8,44.8,USD
2021-09-28,43.69,43.69,43.69,43.69,USD
2021-09-29,43.72,43.72,43.72,43.72,USD
2021-09-30,43.35,43.35,43.35,43.35,USD
2021-10-01,43.86,43.86,43.86,43.86,USD
2021-10-04,43.09,43.09,43.09,43.09,USD
2021-10-05,43.66,43.66,43.66,43.66,USD
2021-10-06,43.88,43.88,43.88,43.88,USD
2021-10-07,44.27,44.27,44.27,44.27,USD
2021-10-08,44.14,44.14,44.14,44.14,USD
2021-10-11,43.78,43.78,43.78,43.78,USD
2021-10-12,43.79,43.79,43.79,43.79,USD
2021-10-13,44.07,44.07,44.07,44.07,USD
2021-10-14,44.8,44.8,44.8,44.8,USD
2021-10-15,45.01,45.01,45.01,45.01,USD
2021-10-18,45.22,45.22,45.22,45.22,USD
2021-10-19,45.51,45.51,45.51,45.51,USD
2021-10-20,45.63,45.63,45.63,45.63,USD
2021-10-21,46.04,46.04,46.04,46.04,USD
2021-10-22,46.05,46.05,46.05,46.05,USD
2021-10-25,46.15,46.15,46.15,46.15,USD
2021-10-26,46.15,46.15,46.15,46.15,USD
2021-10-27,45.9,45.9,45.9,45.9,USD
2021-10-28,46.43,46.43,46.43,46.43,USD
2021-10-29,46.63,46.63,46.63,46.63,USD
2021-11-01,46.63,46.63,46.63,46.63,USD
2021-11-02,46.79,46.79,46.79,46.79,USD
2021-11-03,47.04,47.04,47.04,47.04,USD
2021-11-04,47.21,47.21,47.21,47.21,USD
2021-11-05,47.36,47.36,47.36,47.36,USD
2021-11-08,47.55,47.55,47.55,47.55,USD
2021-11-09,47.52,47.52,47.52,47.52,USD
2021-11-10,46.78,46.78,46.78,46.78,USD
2021-11-11,46.99,46.99,46.99,46.99,USD
2021-11-12,47.61,47.61,47.61,47.61,USD
2021-11-15,47.62,47.62,47.62,47.62,USD
2021-11-16,47.94,47.94,47.94,47.94,USD
2021-11-17,47.66,47.66,47.66,47.66,USD
2021-11-18,47.52,47.52,47.52,47.52,USD
2021-11-19,47.32,47.32,47.32,47.32,USD
2021-11-22,46.54,46.54,46.54,46.54,USD
2021-11-23,46.41,46.41,46.41,46.41,USD
2021-11-24,46.59,46.59,46.59,46.59,USD
2021-11-26,45.63,45.63,45.63,45.63,USD
2021-11-29,46.24,46.24,46.24,46.24,USD
2021-11-30,45.2,45.2,45.2,45.2,USD
2021-12-01,44.43,44.43,44.43,44.43,USD
2021-12-02,45.09,45.09,45.09,45.09,USD
2021-12-03,44.46,44.46,44.46,44.46,USD
2021-12-06,44.94,44.94,44.94,44.94,USD
2021-12-07,46.03,46.03,46.03,46.03,USD
2021-12-08,46.37,46.37,46.37,46.37,USD
2021-12-09,45.78,45.78,45.78,45.78,USD
2021-12-10,46.05,46.05,46.05,46.05,USD
2021-12-13,45.63,45.63,45.63,45.63,USD
2021-12-14,45.08,45.08,45.08,45.08,USD
2021-12-15,44.7,44.7,44.7,44.7,USD
2021-12-16,43.98,43.98,43.98,43.98,USD
2021-12-17,43.86,43.86,43.86,43.86,USD
2021-12-20,43.41,43.41,43.41,43.41,USD
2021-12-21,44.51,44.51,44.51,44.51,USD
2021-12-22,44.99,44.99,44.99,44.99,USD
2021-12-23,45.32,45.32,45.32,45.32,USD
2021-12-27,45.85,45.85,45.85,45.85,USD
2021-12-28,45.63,45.63,45.63,45.63,USD
2021-12-29,45.7,45.7,45.7,45.7,USD
2021-12-30,45.65,45.65,45.65,45.65,USD
2021-12-31,45.46,45.46,45.46,45.46,USD
2022-01-03,45.26,45.26,45.26,45.26,USD
2022-01-04,44.82,44.82,44.82,44.82,USD
